ignore,To deliberately not listen or pay attention to.; To pretend to not notice someone or something.; Fail to notice.
output,Production; quantity produced, created, or completed.; Data sent out of the computer, as to output device such as a monitor or printer, or data sent from one program on the computer to another.; The flow rate of body liquids such as blood and urine.
bilingual,A person who is able to use two languages.; Having the ability to speak two languages.; Spoken or written in two different languages.
chemical,Any specific chemical element or chemical compound or alloy.; An artificial chemical compound.; An addictive drug.
coverage,An amount by which something or someone is covered.; The amount of space or time given to an event in newspapers or on television.; The average number of reads representing a given nucleotide in the reconstructed sequence.
initial,The first letter of a word or a name.; In plural, the first letter of each word of a person's full name considered as a unit.; A distinguished initial letter of a chapter or section of a document.
evidence,Facts or observations presented in support of an assertion.; Anything admitted by a court to prove or disprove alleged matters of fact in a trial.; One who bears witness.
cash,Money in the form of notes/bills and coins, as opposed to cheques/checks or electronic transactions.; Liquid assets, money that can be traded quickly, as distinct from assets that are invested and cannot be easily exchanged.; Money.
input,The act or process of putting in; infusion.; That which is put in, as in an amount.; Contribution of work or information, as an opinion or advice.
register,A machine that tabulates the amount of sales transactions, makes a permanent and cumulative record of them, and has a drawer in which cash can be kept.; A point of sale.; A formal recording of names, events, transactions etc.
librarian,The keeper, manager of a library.; One who cares for the publications, files etc. in a library, whether staff or volunteer.; A person who processes and organizes information.
court,An enclosed space; a courtyard; an uncovered area shut in by the walls of a building, or by different buildings; also, a space opening from a street and nearly surrounded by houses; a blind alley.; (social) Royal society.; Attention directed to a person in power; behaviour designed to gain favor; politeness of manner; civility towards someone
cocoa,The dried and partially fermented fatty seeds of the cacao tree from which chocolate is made.; An unsweetened brown powder made from roasted, ground cocoa beans, used in making chocolate, and in cooking.; A hot drink made with milk, cocoa powder, and sugar.
gender,Class; kind.; (grammar) A division of nouns and pronouns (and sometimes of other parts of speech) into masculine or feminine, and sometimes other categories like neuter or common, and animate or inanimate.; (now sometimes proscribed) Sex (a category such as "male" or "female" into which sexually-reproducing organisms are divided on the basis of their reproductive roles in their species).
goggle,A wide-eyed stare or affected rolling of the eye.; (in the plural) A pair of protective eyeglasses.; To stare (at something) with wide eyes.
department,A part, portion, or subdivision.; A distinct course of life, action, study, or the like.; A subdivision of an organization.
assess,To determine, estimate or judge the value of; to evaluate; To impose or charge, especially as punishment for an infraction.; To calculate and demand (the tax money due) from a person or entity.
native,An aboriginal inhabitant of a region colonized by English-speaking people; in particular:; Aboriginal inhabitant of a region colonized by English-speaking people; in particular:; A person who is native to a place; a person who was born in a place.
recovery,The act or process of regaining or repossession of something lost.; A return to normal health.; A return to former status or position.
mood,A mental or emotional state, composure.; Emotional character (of a work of music, literature, or other art).; A sullen, gloomy or angry mental state; a bad mood.
mistake,An error; a blunder.; A pitch which was intended to be pitched in a hard-to-hit location, but instead ends up in an easy-to-hit place.; To understand wrongly, taking one thing or person for another.
misunderstand,To understand incorrectly, while believing one has understood correctly.
circumstance,That which attends, or relates to, or in some way affects, a fact or event; an attendant thing or state of things.; An event; a fact; a particular incident.; Circumlocution; detail.
vitality,The capacity to live and develop.; Energy or vigour.; That which distinguishes living from nonliving things; life, animateness.
emphasise,To stress, give emphasis or extra weight to (something).
rugby,(usually uncountable) A form of football in which players can hold or kick an ovoid ball. The ball cannot be handled forwards and points are scored by touching the ball to the ground in the area past their opponent’s territory or kicking the ball between goalposts and over a crossbar.; A loose fitting shirt with a collar, as worn by rugby players.; Rubber cement, contact cement.
identity,Sameness, identicalness; the quality or fact of (several specified things) being the same.; The difference or character that marks off an individual or collective from the rest of the same kind, selfhood, sense of who something or someone or oneself is, or the recurring characteristics that enable the recognition of such an individual or group by others or themself.; A name or persona—a mask or appearance one presents to the world—by which one is known.
scholarship,A grant-in-aid to a student.; The character or qualities of a scholar.; The activity, methods or attainments of a scholar.
exception,The act of excepting or excluding; exclusion; restriction by taking out something which would otherwise be included, as in a class, statement, rule.; That which is excepted or taken out from others; a person, thing, or case, specified as distinct, or not included.; An objection, on legal grounds; also, as in conveyancing, a clause by which the grantor excepts or reserves something before the right is transferred.
prove,To proofread.; To make resistant, especially to water.; To allow yeast-containing dough to rise.
philosophy,The love of wisdom.; An academic discipline that seeks truth through reasoning rather than empiricism.; A comprehensive system of belief.
employment,The work or occupation for which one is used, and often paid; The act of employing; A use, purpose
chapter,(authorship) One of the main sections into which the text of a book is divided.; A section of a social or religious body.; A sequence (of events), especially when presumed related and likely to continue.
sky,The atmosphere above a given point, especially as visible from the ground during the day.; The part of the sky which can be seen from a specific place or at a specific time; its condition, climate etc.; Heaven.
architectural,Pertaining to architecture.; Resembling architecture in style; seeming to have been designed (by an architect).
earth,The third planet of the Solar System; the world upon which humans live.; The personification of the Earth or earth, as a fertile woman or goddess.; Soil.
flat,An area of level ground.; A note played a semitone lower than a natural, denoted by the symbol ♭ placed after the letter representing the note (e.g., B♭) or in front of the note symbol (e.g. ♭♪).; A flat tyre/tire.
increasingly,Increasing in amount or intensity
reform,The change of something that is defective, broken, inefficient or otherwise negative, in order to correct or improve it; To put into a new and improved form or condition; to restore to a former good state, or bring from bad to good; to change from worse to better; To return to a good state; to amend or correct one's own character or habits
employee,An individual who provides labor to a company or another person.
decrease,An amount by which a quantity is decreased.; A reduction in the number of stitches, usually accomplished by suspending the stitch to be decreased from another existing stitch or by knitting it together with another stitch. See Decrease (knitting).; Of a quantity, to become smaller.
sector,Section; Zone (designated area).; Part of a circle, extending to the center
playlist,A list of recorded songs scheduled to be played on a radio station.; A list of tracks to be played in a particular sequence, as from an audio CD.; A list of songs, prepared for a band or musical artist, to be performed during a concert; a setlist.
undergo,To go or move under or beneath.; To experience; to pass through a phase.; To suffer or endure; bear with.
fully,In a full manner; without lack or defect.; In a full degree; to a full extent.; As a minimum; at least.
protective,Something that protects.; A condom.; Serving, intended or wishing to protect
partnership,The state of being associated with a partner.; An association of two or more people to conduct a business,; The period when two specific batsmen are batting, from the fall of one wicket until the fall of the next; the number of runs scored during this period,
connection,The act of connecting.; The point at which two or more things are connected.; A feeling of understanding and ease of communication between two or more people.
sociology,The study of society, human social interaction and the rules and processes that bind and separate people not only as individuals, but as members of associations, groups and institutions
experiment,A test under controlled conditions made to either demonstrate a known truth, examine the validity of a hypothesis, or determine the efficacy of something previously untried.; Experience, practical familiarity with something.; To conduct an experiment.
economy,Effective management of a community or system, or especially its resources.; The study of money, currency and trade, and the efficient use of resources.; Frugal use of resources.
fairly,(manner) In a fair manner; fair; not biased or skewed or favouring a certain party; Favorably; auspiciously; commodiously.; Honestly; properly.
ethical,An ethical drug, one only dispensed on the prescription of a physician.; Of or relating to the study of ethics.; Of or relating to the accepted principles of right and wrong, especially those of some organization or profession.
perception,The organisation, identification and interpretation of sensory information.; Conscious understanding of something.; Vision (ability)
immediately,In an immediate manner; instantly or without delay.; Directly (as soon as). Indicates that the independent clause describes something that occurs immediately after the dependent clause's referent does.
assistance,Aid; help; the act or result of assisting.
rely,(with on or upon, formerly also with in) to trust; to have confidence in; to depend.
previous,An existing criminal record (short for "previous convictions"); A track record of similar behaviour.; Prior; occurring before something else, either in time or order.
counter,One who counts; A reckoner; someone who collects data by counting; an enumerator.; An object (now especially a small disc) used in counting or keeping count, or as a marker in games, etc.
experimental,The subject of an experiment.; Pertaining to or founded on experiment.; Serving to be experimented upon; used in an experiment.
historian,A writer of history; a chronicler; an annalist.; One who studies or researches history.; One who recounts their own medical history.
cosmetic,Any substances applied to enhance the external color or texture of the skin, e.g. lipstick, eyeshadow, eyeliner; makeup.; A feature existing only on the surface.; Imparting or improving beauty, particularly the beauty of the complexion.
credit,Reliance on the truth of something said or done; faith; trust.; Recognition and respect.; Acknowledgement of a contribution, especially in the performing arts.
quiz,An odd, puzzling or absurd person or thing.; A competition in the answering of questions.; A school examination of less importance, or of greater brevity, than others given in the same course.
mechanics,The branch of physics that deals with the action of forces on material objects with mass; The design and construction of machines.; (writing) Spelling and punctuation.
specialise,To make distinct or separate, particularly:; To become distinct or separate, particularly:
morbid,Of, or relating to disease.; (by extension) Taking an interest in unhealthy or unwholesome subjects such as death, decay, disease.; Suggesting the horror of death; macabre or ghoulish
hire,Payment for the temporary use of something.; Reward, payment.; The state of being hired, or having a job; employment.
wage,(often in plural) An amount of money paid to a worker for a specified quantity of work, usually calculated on an hourly basis and expressed in an amount of money per hour.; To wager, bet.; To expose oneself to, as a risk; to incur, as a danger; to venture; to hazard.
lack,A defect or failing; moral or spiritual degeneracy.; A deficiency or need (of something desirable or necessary); an absence, want.; To be without, to need, to require.
false,One of two options on a true-or-false test.; Untrue, not factual, factually incorrect.; Based on factually incorrect premises.
explore,An exploration; a tour of a place to see what it is like.; To seek for something or after someone.; To examine or investigate something systematically.
insurance,A means of indemnity against a future occurrence of an uncertain event.; The business of providing insurance.; Any attempt to forestall an unfavorable event.
automate,To replace or enhance human labor with machines.
audience,A group of people within hearing; specifically, a large gathering of people listening to or watching a performance, speech, etc.; Hearing; the condition or state of hearing or listening.; A widespread or nationwide viewing or listening public, as of a TV or radio network or program.
pacific,Calm, peaceful.; Preferring peace by nature; avoiding violence.
omit,To leave out or exclude.; To fail to perform.; To neglect or take no notice of.
undertake,To take upon oneself; to start, to embark on (a specific task etc.).; To commit oneself (to an obligation, activity etc.).; To overtake on the wrong side.
debate,An argument, or discussion, usually in an ordered or formal setting, often with more than two people, generally ending with a vote or other decision.; An informal and spirited but generally civil discussion of opposing views.; Discussion of opposing views.
consist,To be.; To exist.; (with in) To be comprised or contained.
concise,To make concise; to abridge or summarize.; Brief, yet including all important information
via,A main road or highway, especially in ancient Rome. (Mainly used in set phrases, below.); A small hole in a printed circuit board filled with metal which connects two or more layers.; By way of; passing through.
implement,A tool or instrument for working with.; To bring about; to put into practice; To carry out; to do
recognition,The act of recognizing or the condition of being recognized (matching a current observation with a memory of a prior observation of the same entity); Acceptance as valid or true; Official acceptance of the status of a new government by that of another country
brief,A writ summoning one to answer to any action.; An answer to any action.; A memorandum of points of fact or of law for use in conducting a case.
professor,The most senior rank for an academic at a university or similar institution, informally also known as "full professor." Abbreviated Prof.; A teacher or faculty member at a college or university regardless of formal rank.; One who professes something, such as a religious doctrine.
gallery,An institution, building, or room for the exhibition and conservation of works of art.; An establishment that buys, sells, and displays works of art.; The uppermost seating area projecting from the rear or side walls of a theater, concert hall, or auditorium.
optional,Something that is not compulsory, especially part of an academic course.; (sometimes capitalized) In various programming languages, a kind of variable that is assigned a specific data type but may or may not hold an actual value.; Not compulsory; left to personal choice; elective.
generally,Popularly or widely.; As a rule; usually.; Without reference to specific details.
portion,An allocated amount.; That which is divided off or separated, as a part from a whole; a separated part of anything.; One's fate; lot.
harm,Physical injury; hurt; damage; Emotional or figurative hurt; Detriment; misfortune.
agenda,A temporally organized plan for matters to be attended to.; A list of matters to be taken up (as at a meeting).; A notebook used to organize and maintain such plans or lists, an agenda book, an agenda planner.
bookstore,A store where books are bought and sold.
bibliography,A section of a written work containing citations, not quotations, to all the books referred to in the work.; A list of books or documents relevant to a particular subject or author.; The study of the history of books in terms of their classification, printing and publication.
fourteenth,The person or thing in the fourteenth position.; One of fourteen equal parts of a whole.; The interval comprising an octave and a seventh.
enormous,Deviating from the norm; unusual, extraordinary.; Exceedingly wicked; atrocious or outrageous.; Extremely large; greatly exceeding the common size, extent, etc.
humidity,Dampness, especially that of the air.; The amount of water vapour in the air.
continuous,Without stopping; without a break, cessation, or interruption; Without intervening space; continued; Not deviating or varying from uniformity; not interrupted; not joined or articulated.
logic,A method of human thought that involves thinking in a linear, step-by-step manner about how a problem can be solved. Logic is the basis of many principles including the scientific method.; The study of the principles and criteria of valid inference and demonstration.; The mathematical study of relationships between rigorously defined concepts and of mathematical proof of statements.
prospective,The scene before or around, in time or in space; view; prospect.; A perspective glass.; (often plural) A prospective (potential) member, student, employee, date, partner, etc.
highly,In a high or esteemed manner.; Extremely; greatly; very much.
contain,To hold inside.; To include as a part.; To put constraint upon; to restrain; to confine; to keep within bounds.
orchestra,A large group of musicians who play together on various instruments, usually including some from strings, woodwind, brass and/or percussion; the instruments played by such a group.; A semicircular space in front of the stage used by the chorus in Ancient Greek and Hellenistic theatres.; The area in a theatre or concert hall where the musicians sit, immediately in front of and below the stage, sometimes (also) used by other performers.
urbanisation,The process of the formation and growth of cities; The change in a country or region when its population migrates from rural to urban areas; The proportion of a region's population that live in towns and cities; the rate at which this proportion is growing
apply,To lay or place; to put (one thing to another); To put to use; to use or employ for a particular purpose, or in a particular case; To make use of, declare, or pronounce, as suitable, fitting, or relative
witness,Attestation of a fact or event; testimony.; One who sees or has personal knowledge of something.; Someone called to give evidence in a court.
accommodate,To render fit, suitable, or correspondent; to adapt.; To cause to come to agreement; to bring about harmony; to reconcile.; To provide housing for.
relatively,Proportionally, in relation to some larger scale thing.; Somewhat.
dissertation,A formal exposition of a subject, especially a research paper that students write in order to complete the requirements for a doctoral degree; a thesis.; A lengthy lecture on a subject; a treatise; a discourse; a sermon.
deduction,That which is deducted; that which is subtracted or removed; A sum that can be removed from tax calculations; something that is written off; A process of reasoning that moves from the general to the specific, in which a conclusion follows necessarily from the premises presented, so that the conclusion cannot be false if the premises are true.
conquer,To defeat in combat; to subjugate.; To acquire by force of arms, win in war.; To overcome an abstract obstacle.
revolution,A political upheaval in a government or nation state characterized by great change.; The removal and replacement of a government, especially by sudden violent action.; Rotation: the turning of an object around an axis.
possession,Control or occupancy of something for which one does not necessarily have private property rights.; Something that is owned.; Ownership; taking, holding, keeping something as one's own.
automatic,A car with automatic transmission.; A semi-automatic pistol.; Capable of operating without external control or intervention.
spontaneously,In a spontaneous manner; naturally; voluntarily.
contradict,To deny the truth of (a statement or statements).; To deny the truth of the statement(s) made by (a person).; To be contrary to (something).
criticise,To find fault (with something).; To evaluate (something), assessing its merits and faults.
presentation,The act of presenting, or something presented; A dramatic performance; An award given to someone on a special occasion
residence,The place where one lives; one's home.; A building used as a home.; The place where a corporation is established.
gain,The act of gaining; acquisition.; What is gained.; The factor by which a signal is multiplied.
quantity,A fundamental, generic term used when referring to the measurement (count, amount) of a scalar, vector, number of items or to some other way of denominating the value of a collection or group of items.; An indefinite amount of something.; A specific measured amount.
concentrate,A substance that is in a condensed form.; To bring to, or direct toward, a common center; to unite more closely; to gather into one body, mass, or force.; To increase the strength and diminish the bulk of, as of a liquid or an ore; to intensify, by getting rid of useless material; to condense.
posture,The way a person holds and positions their body.; A situation or condition.; One's attitude or the social or political position one takes towards an issue or another person.
step,An advance or movement made from one foot to the other; a pace.; A rest, or one of a set of rests, for the foot in ascending or descending, as a stair, or a rung of a ladder.; A distinct part of a process; stage; phase.
stage,A phase.; A platform; a surface, generally elevated, upon which show performances or other public events are given.; A floor or storey of a house.
statistics,A mathematical science concerned with data collection, presentation, analysis, and interpretation.; A systematic collection of data on measurements or observations, often related to demographic information such as population counts, incomes, population counts at different ages, etc.; A single item in a statistical study.
stock,A store or supply.; The capital raised by a company through the issue of shares. The total of shares held by an individual shareholder.; The raw material from which things are made; feedstock.
daily,Something that is produced, consumed, used, or done every day.; To drive an automobile frequently, on a daily basis, for regular and mundane tasks.; That occurs every day, or at least every working day
attitude,The position of the body or way of carrying oneself.; Disposition or state of mind.; The orientation of a vehicle or other object relative to the horizon, direction of motion, other objects, etc.
overwhelm,The state or condition of being overwhelmed.; To engulf, surge over and submerge.; To overpower, crush.
conduct,The act or method of controlling or directing; Skillful guidance or management; leadership; Behaviour; the manner of behaving
globally,In all places or situations.; Over the entire planet.
consume,To use up.; To eat.; To completely occupy the thoughts or attention of.
artistic,Having or revealing creative skill.; Relating to or characteristic of art or artists.; Aesthetically pleasing.
former,Previous.; First of aforementioned two items. Used with the, often without a noun.; Someone who forms something; a maker; a creator or founder.
offer,A proposal that has been made.; Something put forth, bid, proffered or tendered.; An invitation to enter into a binding contract communicated to another party which contains terms sufficiently definite to create an enforceable contract if the other party accepts the invitation.
structure,A cohesive whole built up of distinct parts.; The underlying shape of a solid.; The overall form or organization of something.
barn,A building, often found on a farm, used for storage or keeping animals such as cattle.; A unit of surface area equal to 10−28 square metres.; An arena.
canteen,A small cafeteria or snack bar, especially one in a military establishment, school, or place of work.; A temporary or mobile café used in an emergency or on a film location etc.; A box with compartments for storing eating utensils, silverware etc.
organisational,Of, relating to, or produced by an organization.; Relating to the action of organizing something.
gather,A plait or fold in cloth, made by drawing a thread through it; a pucker.; The inclination forward of the axle journals to keep the wheels from working outward.; The soffit or under surface of the masonry required in gathering. See gather (transitive verb).
semester,Half of a school year or academic year such as fall or spring semester.; A period or term of six months.
scientist,One whose activities make use of the scientific method to answer questions regarding the measurable universe. A scientist may be involved in original research, or make use of the results of the research of others.
explanation,The act or process of explaining.; Something that explains, makes understandable.; A resolution of disputed points pursuant to discussion; a mutual clarification of disputed points; reconciliation.
fieldwork,Work done out in the fields as opposed to that done elsewhere on the farm (e.g., barn, house, outbuildings, office).; Work done out in the real world rather than in controlled conditions; (in scientific research) The collection of raw data in the field, field research, field study, field studies.
deepen,To make deep or deeper; To make darker or more intense; to darken; To make more poignant or affecting; to increase in degree
useable,Capable of being used.; Easy to use; exhibiting good usability.; Homosexual
reward,Something of value given in return for an act.; A prize promised for a certain deed or catch; The result of an action, whether good or bad.
insufficient,Not sufficient.
manufacturer,One that manufactures
accept,To receive, especially with a consent, with favour, or with approval.; To admit to a place or a group.; To regard as proper, usual, true, or to believe in.
renovation,An act, or the process, of renovating.; Regeneration.
property,Something that is owned.; A piece of real estate, such as a parcel of land.; Real estate; the business of selling houses.
fluency,The quality of smoothness of flow.; The quality of being fluent in a language; A person's command of a particular language.; The quality of consistently applying skill correctly in the manner of one well-practiced at it, requiring little deliberate thought to perform without mistakes
despite,Disdain, contemptuous feelings, hatred.; Action or behaviour displaying such feelings; an outrage, insult.; Evil feeling; malice, spite.
cart,A small, open, wheeled vehicle, drawn or pushed by a person or animal, more often used for transporting goods than passengers.; A small motor vehicle resembling a car; a go-cart.; A shopping cart.
progressively,In a progressive manner.; As part of a progression.
candidate,A person who is running in an election.; A person who is applying for a job.; A participant in an examination.
entire,The whole of something; the entirety.; An uncastrated horse; a stallion.; A complete envelope with stamps and all official markings: (prior to the use of envelopes) a page folded and posted.
industrialise,(of a country) To develop industry; to become industrial.; (of a process) To organize along industrial lines.
acknowledge,To admit the knowledge of; to recognize as a fact or truth; to declare one's belief in; To own or recognize in a particular quality, character or relationship; to admit the claims or authority of; to give recognition to.; To be grateful of (e.g. a benefit or a favour)
oil,Liquid fat.; Petroleum-based liquid used as fuel or lubricant.; An oil painting.
driver,One who drives something, in any sense of the verb to drive.; Something that drives something, in any sense of the verb to drive.; A person who drives a motorized vehicle such as a car or a bus.
renowned,Famous, celebrated, or well-known.
philosopher,A lover of wisdom.; A student of philosophy.; A scholar or expert engaged in or contributing to philosophical inquiry.
dine,Dinnertime; To eat; to eat dinner or supper.; To give a dinner to; to furnish with the chief meal; to feed.
participate,To join in, to take part, to involve oneself (in something).; To share, share in (something).; To share (something) with others; to transfer (something) to or unto others.
chief,A leader or head of a group of people, organisation, etc.; The top part of a shield or escutcheon; more specifically, an ordinary consisting of the upper part of the field cut off by a horizontal line, generally occupying the top third.; The principal part or top of anything.
stationery,Writing materials, envelopes, office materials
mechanical,Manually created layout of artwork that is camera ready for photographic reproduction.; One who does manual labor, especially one who is similar to Shakespeare's rude mechanicals; A robot or mechanical creature.
expand,To change (something) from a smaller form and/or size to a larger one; to spread out or lay open.; To increase the extent, number, volume or scope of (something).; To express (something) at length and/or in detail.
agricultural,A product or commodity from agriculture.; Of or pertaining to agriculture; As if played with a scythe
least,Something of the smallest possible extent; an indivisible unit.; Used for forming superlatives of adjectives, especially those that do not form the superlative by adding -est.; In the smallest or lowest degree; in a degree below all others.
beneficial,Something that is beneficial.; Helpful or good to something or someone.; Relating to a benefice.
extreme,The greatest or utmost point, degree or condition.; Each of the things at opposite ends of a range or scale.; A drastic expedient.
plight,A dire or unfortunate situation.; A (neutral) condition or state.; Good health.
conceive,To develop an idea; to form in the mind; to plan; to devise; to originate.; To understand (someone).; To become pregnant (with).
essay,(authorship) A written composition of moderate length, exploring a particular issue or subject.; A test, experiment; an assay.; An attempt.
final,A final examination; a test or examination given at the end of a term or class; the test that concludes a class.; The last round, game or match in a contest, after which the winner is determined.; A contest that narrows a field of contestants (finalists) to ranked positions, usually in numbered places (1st place/prize, 2nd place/prize, etc.) or a winner and numbered runners-up (1st runner-up, etc.).
expense,A spending or consuming, often a disbursement of funds.; The elimination or consumption of something, sometimes with the notion of loss or damage to the thing eliminated.; Loss.
organic,An organic compound.; An organic food.; A living organism, as opposed to a robot or hologram.
moment,A brief, unspecified amount of time.; The smallest portion of time; an instant.; Weight or importance.
absorb,To include so that it no longer has separate existence; to overwhelm; to cause to disappear as if by swallowing up; to incorporate; to assimilate; to take in and use up.; To engulf, as in water; to swallow up.; To suck up; to drink in; to imbibe, like a sponge or as the lacteals of the body; to chemically take in.
schedule,A slip of paper; a short note.; A written or printed table of information, often forming an annex or appendix to a statute or other regulatory instrument, or to a legal contract.; A serial record of items, systematically arranged.
internal,Inside of something; Within the body; Concerned with the domestic affairs of a nation, state or other political community.
imagination,The image-making power of the mind; the act of mentally creating or reproducing an object not previously perceived; the ability to create such images.; Particularly, construction of false images; fantasizing.; Creativity; resourcefulness.
organise,To arrange in working order.; To constitute in parts, each having a special function, act, office, or relation; to systematize.; (chiefly used in the past participle) To furnish with organs; to give an organic structure to; to endow with capacity for the functions of life
container,Someone who contains; something that contains.; An item in which objects, materials or data can be stored or transported.; A very large, typically metal, box used for transporting goods.
relevant,Directly related, connected, or pertinent to a topic.; Not out of date; current.
tourism,The act of travelling or sightseeing, particularly away from one's home.; The industry in which such travels and sightseeing are organized.; Collectively, the tourists visiting a place or landmark.
engineer,A person who is qualified or professionally engaged in any branch of engineering.; A title given to an engineer.; A person who controls motion of substance (such as a locomotive).
raw,(sugar refining, sugar trade) An unprocessed sugar; a batch of such.; A galled place; an inveterate sore.; (by extension) A point about which a person is particularly sensitive.
freedom,The state of being free, of not being imprisoned or enslaved.; The lack of a specific constraint, or of constraints in general; a state of being free, unconstrained.; Frankness; openness; unreservedness.
jam,A sweet mixture of fruit boiled with sugar and allowed to congeal. Often spread on bread or toast or used in jam tarts.; A difficult situation.; Blockage, congestion.
norm,That which is normal or typical.; A rule that is enforced by members of a community.; A sentence with non-descriptive meaning, such as a command, permission or prohibition.
predominant,A subdominant.; Common or widespread; prevalent.; Significant or important; dominant.
desirable,A thing that people want; something that is desirable.; Worthy to be desired; pleasing; agreeable.
allergic,A person with a tendency to having allergies; a person with multiple or severe allergies.; Of or pertaining to allergy.; Having an allergy.
enquiry,A question.; Search for truth, information or knowledge.
solution,A homogeneous mixture, which may be liquid, gas or solid, formed by dissolving one or more substances.; An act, plan or other means, used or proposed, to solve a problem.; The answer to a problem.
scientific,Of, or having to do with science.; Having the quality of being derived from, or consistent with, the scientific method.; In accord with procedures, methods, conduct and accepted conventions of modern science.
switch,A bundle of thin sticks, typically made of wood, sometimes bond in such a way that binding can be moved so that it varies the tightness of the binding.; A device to turn electric current on and off or direct its flow.; A change or exchange.
current,The generally unidirectional movement of a gas or fluid.; The part of a fluid that moves continuously in a certain direction, especially short for ocean current.; The time rate of flow of electric charge.
optimism,A tendency to expect the best, or at least, a favourable outcome; The doctrine that this world is the best of all possible worlds; The belief that good will eventually triumph over evil
excursion,A brief recreational trip; a journey out of the usual way.; A wandering from the main subject: a digression.; A deviation in pitch, for example in the syllables of enthusiastic speech.
batch,The quantity of bread or other baked goods baked at one time.; (by extension) A quantity of anything produced at one operation.; A group or collection of things of the same kind, such as a batch of letters or the next batch of business.
likelihood,The probability of a specified outcome; the chance of something happening; probability; the state or degree of being probable.; The probability that some fixed outcome was generated by a random distribution with a specific parameter.; Likeness, resemblance.
southeastern,Of or pertaining to the southeast.
elevator,Anything that raises or uplifts.; A permanent construction with a built-in platform that is lifted vertically, used to transport people and goods.; A silo used for storing wheat, corn or other grain (grain elevator)
unavoidable,Something that cannot be avoided.; Impossible to avoid; bound to happen.; Not voidable; incapable of being made null or void.
production,The act of producing, making or creating something.; The act of bringing something forward, out etc. for use or consideration.; The act of being produced.
frequent,Done or occurring often; common.; Occurring at short intervals.; Addicted to any course of conduct; inclined to indulge in any practice; habitual; persistent.
efficiency,The extent to which time is well used for the intended task.; The quality of producing an effect or effects.; The extent to which a resource, such as electricity, is used for the intended purpose; the ratio of useful work to energy expended.
strategy,The science and art of military command as applied to the overall planning and conduct of warfare.; A plan of action intended to accomplish a specific goal.; The use of advance planning to succeed in politics or business.
exploration,The process of exploring.; The process of penetrating, or ranging over for purposes of (especially geographical) discovery.; The (pre-)mining process of finding and determining commercially viable ore deposits (after prospecting), also called mineral exploration.
disease,An abnormal condition of a human, animal or plant that causes discomfort or dysfunction; distinct from injury insofar as the latter is usually instantaneously acquired.; (by extension) Any abnormal or harmful condition, as of society, people's attitudes, way of living etc.; Lack of ease; uneasiness; trouble; vexation; disquiet.
wave,To move back and forth repeatedly and somewhat loosely.; To move one’s hand back and forth (generally above the shoulders) in greeting or departure.; (metonymic) To call attention to, or give a direction or command to, by a waving motion, as of the hand; to signify by waving; to beckon; to signal; to indicate.
infect,To bring into contact with a substance that causes illness (a pathogen).; To make somebody enthusiastic about one's own passion.; Infected.
statistical,Of or pertaining to statistics.
gravity,The state or condition of having weight; weight; heaviness.; The state or condition of being grave; seriousness.; The lowness of a note.
mar,A blemish.; To spoil; to ruin; to scathe; to damage.; A small lake.
compute,Computational power; To reckon or calculate.; To make sense.
deadline,A time limit in the form of a date on or before which something must be completed.; A guideline marked on a plate for a printing press.; A line that does not move.
curriculum,The set of courses, coursework, and their content, offered at a school or university.; A racecourse; a place for running.
exotic,An organism that is exotic to an environment.; An exotic dancer; a stripteaser.; Any exotic particle.
devolution,A rolling down.; A descent, especially one that passes through a series of revolutions, or by succession; The transference of a right to a successor, or of a power from one body to another.
seminar,A class held for advanced studies in which students meet regularly to discuss original research, under the guidance of a professor.; A meeting held for the exchange of useful information by members of a common business community.
illustration,The act of illustrating; the act of making clear and distinct; education; also, the state of being illustrated, or of being made clear and distinct.; That which illustrates; a comparison or example intended to make clear or apprehensible, or to remove obscurity.; A picture designed to decorate a volume or elucidate a literary work.
identify,To establish the identity of someone or something.; To disclose the identity of someone.; To establish the taxonomic classification of an organism.
define,A kind of macro in source code that replaces one text string with another wherever it occurs.; To determine with precision; to mark out with distinctness; to ascertain or exhibit clearly.; To settle, decide (an argument etc.)
loan,An act or instance of lending, an act or instance of granting something for temporary use.; A sum of money or other property that a natural or legal person borrows from another with the condition that it be returned or repaid over time or at a later date (sometimes with interest).; The contract and array of legal or ethical obligations surrounding a loan.
atom,The smallest possible amount of matter which still retains its identity as a chemical element, now known to consist of a nucleus surrounded by electrons.; (history of science) A hypothetical particle posited by Greek philosophers as an ultimate and indivisible component of matter.; The smallest, indivisible constituent part or unit of something.
novelist,An author of novels.; An innovator; one who introduces something new; one who favours novelty.
limitation,The act of limiting or the state of being limited.; A restriction; a boundary, real or metaphorical, caused by some thing or some circumstance.; An imperfection or shortcoming that limits something's use or value.
convention,A meeting or gathering.; A formal deliberative assembly of mandated delegates.; The convening of a formal meeting.
intentioned,Intend; (usually in compounds) Having a certain intention
intelligence,Capacity of mind, especially to understand principles, truths, facts or meanings, acquire knowledge, and apply it to practice; the ability to comprehend and learn.; An entity that has such capacities.; Information, usually secret, about the enemy or about hostile activities.
stressful,Irritating; causing stress.
communicable,(of a disease) Able to be transmitted between people or animals; contagious or catching.; Readily communicated.; Talkative or expansive.
presidential,Pertaining to a president or presidency.; Presiding or watching over.; With the bearing or composure that befits a president; stately, dignified.
massive,A homogeneous mass of rock, not layered and without an obvious crystal structure.; A group of people from a locality, or sharing a collective aim, interest, etc.; Very large in size or extent
geographical,A move to another place in the hope of curing an addiction etc.; Of or relating to geography; geographic.
accuracy,The state of being accurate; being free from mistakes, this exemption arising from carefulness; exactness; correctness; Exact conformity to truth, or to a rule or model; degree of conformity of a measure to a true or standard value.
scope,The breadth, depth or reach of a subject; a domain.; A device used in aiming a projectile, through which the person aiming looks at the intended target.; Opportunity; broad range; degree of freedom.
insightful,Possessing insight.
criterion,A standard or test by which individual things or people may be compared and judged.
capacity,The ability to hold, receive or absorb; A measure of such ability; volume; The maximum amount that can be held
highlighter,A marker pen used to highlight text.; A cosmetic product that reflects light, used to emphasize the contours of the face etc.; That which highlights or emphasizes something.
tough,A person who obtains things by force; a thug or bully.; To endure.; To toughen.
inspire,To infuse into the mind; to communicate to the spirit; to convey, as by a divine or supernatural influence; to disclose preternaturally; to produce in, as by inspiration.; To infuse into; to affect, as with a superior or supernatural influence; to fill with what animates, enlivens or exalts; to communicate inspiration to.; To draw in by the operation of breathing; to inhale.
rail,A horizontal bar extending between supports and used for support or as a barrier; a railing.; The metal bar that makes the track for a railroad.; A railroad; a railway, as a means of transportation.
economist,An expert in economics, especially one who studies economic data and extracts higher-level information or proposes theories.; One concerned with political economy.; One who manages a household.
inadequately,In an inadequate manner.
select,To choose one or more elements of a set, especially a set of options.; To obtain a set of data from a database using a query.; Privileged, specially selected.
practise,To repeat (an activity) as a way of improving one's skill in that activity.; To repeat an activity in this way.; To perform or observe in a habitual fashion.
familiar,An attendant spirit, often in animal or demon form.; A member of one's family or household.; A member of a pope's or bishop's household.
portray,To paint or draw the likeness of.; To describe in words; to convey.; To play a role; to depict a character, person, situation, or event.
threat,An expression of intent to injure or punish another.; An indication of potential or imminent danger.; A person or object that is regarded as a danger; a menace.
ticket,A pass entitling the holder to admission to a show, concert, etc.; A pass entitling the holder to board a train, a bus, a plane, or other means of transportation; A citation for a traffic violation.
harsh,To negatively criticize.; To put a damper on (a mood).; Unpleasantly rough to the touch or other senses.
toxin,A toxic or poisonous substance produced by the biological processes of biological organisms.
bar,A solid, more or less rigid object of metal or wood with a uniform cross-section smaller than its length.; A solid metal object with uniform (round, square, hexagonal, octagonal or rectangular) cross-section; in the US its smallest dimension is 1/4 inch or greater, a piece of thinner material being called a strip.; A cuboid piece of any solid commodity.
logical,In agreement with the principles of logic.; Reasonable.; Of or pertaining to logic.
rational,A rational number: a number that can be expressed as the quotient of two integers.; Capable of reasoning.; Logically sound; not contradictory or otherwise absurd.
pose,Common cold, head cold; catarrh.; Position, posture, arrangement (especially of the human body).; Affectation.
extensive,Having a great extent; covering a large area; vast; Considerable in amount.; Serving to extend or lengthen; characterized by extension
correctly,In a correct manner.
graph,(applied mathematics) A data chart (graphical representation of data) intended to illustrate the relationship between a set (or sets) of numbers (quantities, measurements or indicative numbers) and a reference set, whose elements are indexed to those of the former set(s) and may or may not be numbers.; A set of points constituting a graphical representation of a real function; (formally) a set of tuples (x_1, x_2, \ldots, x_m, y)\in\R^{m+1}, where y=f(x_1, x_2, \ldots, x_m) for a given function f: \R^m\rightarrow\R.; (formally) An ordered pair of sets (V,E), where the elements of V are called vertices or nodes and E is a set of pairs (called edges) of elements of V; (less formally) a set of vertices (or nodes) together with a set of edges that connect (some of) the vertices.
ray,A beam of light or radiation.; A rib-like reinforcement of bone or cartilage in a fish's fin.; One of the spheromeres of a radiate, especially one of the arms of a starfish or an ophiuran.
effect,The result or outcome of a cause.; Impression left on the mind; sensation produced.; Execution; performance; realization; operation.
mishap,An accident, mistake, or problem.; Evil accident; ill luck; misfortune; mischance.; To happen through misfortune; to mishappen.
category,A group, often named or numbered, to which items are assigned based on similarity or defined criteria.; A collection of objects, together with a transitively closed collection of composable arrows between them, such that every object has an identity arrow, and such that arrow composition is associative.
bias,Inclination towards something; predisposition, partiality, prejudice, preference, predilection.; The diagonal line between warp and weft in a woven fabric.; A wedge-shaped piece of cloth taken out of a garment (such as the waist of a dress) to diminish its circumference.
dangerous,Full of danger.; Causing danger; ready to do harm or injury.; In a condition of danger, as from illness; threatened with death.
distance,The amount of space between two points, usually geographical points, usually (but not necessarily) measured along a straight line.; Length or interval of time.; The difference; the subjective measure between two quantities.
philosophical,Of, or pertaining to, philosophy.; Rational; analytic or critically-minded; thoughtful.; Detached, calm, stoic.
journalism,The activity or profession of being a journalist.; The aggregating, writing, editing, and presenting of news or news articles for widespread distribution, typically in electronic publications and broadcast news media, for the purpose of informing the audience.; The style of writing characteristic of material in periodical print publications and broadcast news media, consisting of direct presentation of facts or events with an attempt to minimize analysis or interpretation.
compound,An enclosure within which workers, prisoners, or soldiers are confined; A group of buildings situated close together, e.g. for a school or block of offices; Anything made by combining several things.
rapidly,With speed; in a rapid manner.
prefer,To be in the habit of choosing something rather than something else; to favor; to like better.; To advance, promote (someone or something).; To present or submit (something) to an authority (now usually in "to prefer charges").
entrepreneurship,The art or science of innovation and risk-taking for profit in business.; The quality of being an entrepreneur.
mineral,Any naturally occurring inorganic material that has a (more or less) definite chemical composition and characteristic physical properties.; Any inorganic material (as distinguished from animal or vegetable).; (nutrition) Any inorganic element that is essential to nutrition; a dietary mineral.
analyse,To subject to analysis.; To resolve (anything complex) into its elements.; To separate into the constituent parts, for the purpose of an examination of each separately.
purchase,The acquisition of title to, or property in, anything for a price; buying for money or its equivalent.; That which is obtained, got or acquired, in any manner, honestly or dishonestly; property; possession; acquisition.; That which is obtained for a price in money or its equivalent.
password,A word used to gain admittance or to gain access to information; watchword.; A string of characters used to log in to a computer or network, to access a level in a video game, etc.; To protect with a password.
underground,An underground railway, especially for mass transit of people in urban areas.; A train that runs on such an underground railway.; A rapid transit system, regardless of the elevation of its right of way.
day,Any period of 24 hours.; A period from midnight to the following midnight.; Rotational period of a planet (especially Earth).
accumulation,The act of amassing or gathering, as into a pile.; The process of growing into a heap or a large amount.; A mass of something piled up or collected.
additional,Something added.; Supplemental or added to something.
aerial,A rod, wire, or other structure for receiving or transmitting radio, television signals etc.; A move, as in dancing or skateboarding, involving one or both feet leaving the ground.; Aerial photography.
adopt,To take by choice into relationship (a child, heir, friend, citizen, etc.); To take or receive as one's own what is not so naturally.; To select and take or approve.
appropriate,To make suitable; to suit.; To take to oneself; to claim or use, especially as by an exclusive right.; To set apart for, or assign to, a particular person or use, especially in exclusion of all others; with to or for.
spaceship,A vehicle that flies through space.; A finite pattern that reappears after a certain number of generations in the same orientation but in a different position.; The operator <=> in the Perl, PHP and Ruby programming languages, which compares two values and indicates whether the first is lesser than, greater than, or equal to the second.
geological,Of, or relating to geology or a geologic time scale.
integrate,To form into one whole; to make entire; to complete; to renew; to restore; to perfect.; To include as a constituent part or functionality.; To indicate the whole of; to give the sum or total of; as, an integrating anemometer, one that indicates or registers the entire action of the wind in a given time.
economics,The study of resource allocation, distribution and consumption; of capital and investment; and of management of the factors of production.
underwater,Underlying water or body of water, for example in an aquifer or the deep ocean; A type of lure which lies beneath the water surface.; To water or irrigate insufficiently
permit,An artifact or document rendering something allowed or legal.; Formal permission.; To allow (something) to happen, to give permission for.
internship,A job taken by a student in order to learn a profession or trade.
accountancy,The function of compiling and providing financial information primarily by reports referred to as financial statements, including bookkeeping, systems design, analysis and interpretation of accounting information.; A company or organisation that performs such a function.
observe,To notice or view, especially carefully or with attention to detail.; To follow or obey the custom, practice, or rules (especially of a religion).; To take note of and celebrate (a holiday or similar occurrence).
acquire,To get.; To gain, usually by one's own exertions; to get as one's own; To contract.
confuse,To puzzle, perplex, baffle, bewilder (somebody).; To mix up, muddle up (one thing with another); to mistake (one thing for another).; To mix thoroughly; to confound; to disorder.
visitor,Someone who visits someone else; someone staying as a guest.; Someone who pays a visit to a specific place or event; a sightseer or tourist.; (usually in the plural) Someone, or a team, that is playing away from home.
further,To help forward; to assist.; To encourage growth; to support progress or growth of something; to promote.; (comparative form of far) More distant; relatively distant.
educator,A person distinguished for his/her educational work, a teacher.
strangely,In a strange or coincidental manner.; Surprisingly, wonderfully.
hydrant,An outlet from a liquid/fluid main often consisting of an upright pipe with a valve attached from which fluid (e.g. water or fuel) can be tapped.
physical,Physical examination.; Of medicine.; Of matter or nature.
destroy,To damage beyond use or repair.; To neutralize, undo a property or condition.; To put down or euthanize.
molecule,The smallest particle of a specific element or compound that retains the chemical properties of that element or compound; two or more atoms held together by chemical bonds.; A tiny amount.
contribution,Something given or offered that adds to a larger whole.; An amount of money given toward something.; The act of contributing.
option,One of a set of choices that can be made.; The freedom or right to choose.; A contract giving the holder the right to buy or sell an asset at a set strike price; can apply to financial market transactions, or to ordinary transactions for tangible assets such as a residence or automobile.
multiple,A whole number that can be divided by another number with no remainder.; Price-earnings ratio.; One of a set of the same thing; a duplicate.
intertwine,To twine something together.; To become twined together.
lam,To beat or thrash.; To flee or run away.; The twenty-third letter of the Arabic alphabet, ل. It is preceded by ك and followed by م.
root,The part of a plant, generally underground, that anchors and supports the plant body, absorbs and stores water and nutrients, and in some plants is able to perform vegetative reproduction.; A root vegetable.; The part of a tooth extending into the bone holding the tooth in place.
image,An optical or other representation of a real object; a graphic; a picture.; A mental picture of something not real or not present.; A statue or idol.
account,A registry of pecuniary transactions; a written or printed statement of business dealings or debts and credits, and also of other things subjected to a reckoning or review.; A sum of money deposited at a bank and subject to withdrawal.; A statement in general of reasons, causes, grounds, etc., explanatory of some event; a reason of an action to be done.
bay,A berry.; Laurus nobilis, a tree or shrub of the family Lauraceae, having dark green leaves and berries.; Bay leaf, the leaf of this or certain other species of tree or shrub, used as a herb.
expansion,The act or process of expanding.; The fractional change in unit length per unit length per unit temperature change.; A new addition.
steadily,In a steady manner.
floor,The interior bottom or surface of a house or building; the supporting surface of a room.; Ground (surface of the Earth, as opposed to the sky or water or underground).; The lower inside surface of a hollow space.
invest,To spend money, time, or energy on something, especially for some benefit or purpose; used with in.; To clothe or wrap (with garments).; To put on (clothing).
worthy,A distinguished or eminent person; Having worth, merit or value; Honourable or admirable
emotional,Of or relating to the emotions.; Characterised by emotion.; Determined by emotion rather than reason.
athletic,Having to do with athletes.; Physically active.; Having a muscular, well developed body, being in shape.
republic,A state where sovereignty rests with the people or their representatives, rather than with a monarch or emperor; a country with no monarchy.; A state, which may or may not be a monarchy, in which the executive and legislative branches of government are separate.; One of the subdivisions constituting Russia. See oblast.
innovation,The act of innovating; the introduction of something new, in customs, rites, etc.; A change effected by innovating; a change in customs; Something new, and contrary to established customs, manners, or rites.
theory,A description of an event or system that is considered to be accurate.; Mental conception; reflection, consideration.; A coherent statement or set of ideas that explains observed facts or phenomena and correctly predicts new facts or phenomena not previously observed, or which sets out the laws and principles of something known or observed; a hypothesis confirmed by observation, experiment etc.
donation,A voluntary gift or contribution for a specific cause.; The act of giving or bestowing; a grant.
exclusive,Information (or an artefact) that is granted or obtained exclusively.; A member of a group who exclude others from their society.; (grammar) A word or phrase that restricts something, such as only, solely, or simply.
exit,An act of going out or going away, or leaving; a departure.; A way out.; The act of departing from life; death.
breath,The act or process of breathing.; A single act of breathing in or out; a breathing of air.; Air expelled from the lungs.
authorise,To grant (someone) the permission or power necessary to do (something).; To permit (something), to sanction or consent to (something).
benefit,An advantage; help or aid from something.; A payment made in accordance with an insurance policy or a public assistance scheme.; An event such as a performance, given to raise funds for some cause.
interpret,To explain or tell the meaning of; to translate orally into intelligible or familiar language or terms. applied especially to language, but also to dreams, signs, conduct, mysteries, etc.; To apprehend and represent by means of art; to show by illustrative representation; To act as an interpreter.
launch,The movement of a vessel from land into the water; especially, the sliding on ways from the stocks on which it is built. (Compare: to splash a ship.); The act or fact of launching (a ship/vessel, a project, a new book, etc.).; An event held to celebrate the launch of a ship/vessel, project, a new book, etc.; a launch party.
airport,An airfield (an area designated for the takeoff and landing of aircraft), including one or more runways and (for commercial airports) one or more passenger terminals.
deposit,Sediment or rock that is not native to its present location or is different from the surrounding material. Sometimes refers to ore or gems.; That which is placed anywhere, or in anyone's hands, for safekeeping; something entrusted to the care of another.; Money placed in an account.
grade,A rating.; The performance of an individual or group on an examination or test, expressed by a number, letter, or other symbol; a score.; A degree or level of something; a position within a scale; a degree of quality.
reconciliation,The reestablishment of friendly relations; conciliation or rapprochement.; The end of estrangement between a human and God as a result of the process of atonement.; A Roman Catholic sacrament involving contrition, confession, punishment and absolution; penance.
pace,Step.; Way of stepping.; Speed or velocity in general.
editor,A person who edits or makes changes to documents.; A copy editor.; A person who edited a specific document.
supply,The act of supplying.; An amount of something supplied.; (in the plural) provisions.
sophisticate,A worldly-wise person.; To make less natural or innocent.; To practice sophistry; change the meaning of, or be vague about in order to mislead or deceive.
during,To last, continue, endure.; For all of a given time interval.; At any time or period within a given time interval.
doubtful,A doubtful person or thing.; Subject to, or causing doubt.; Experiencing or showing doubt, sceptical.
commercial,An advertisement in a common media format, usually radio or television.; A commercial trader, as opposed to an individual speculator.; Of or pertaining to commerce.
reproduce,To produce an image or copy of.; To generate offspring (sexually or asexually), or organisms.; To produce again; to recreate.
obesity,The state of being obese due to an excess of body fat.
absolutely,In an absolute or unconditional manner; utterly, positively, wholly.; Independently; viewed without relation to other things or factors.; (grammar) In a manner that does not take an object.
surprisingly,In a way that causes surprise because it is unexpected, or unusual.
shelter,A refuge, haven or other cover or protection from something.; An institution that provides temporary housing for homeless people, battered women etc.; To provide cover from damage or harassment; to shield; to protect.
elaborate,To develop in detail or complexity; (sometimes followed by on or upon, and then the object of the preposition) to expand/enlarge in detail; Complex, detailed, or sophisticated.
executive,A chief officer or administrator, especially one who can make significant decisions on their own authority.; The branch of government that is responsible for enforcing laws and judicial decisions, and for the day-to-day administration of the state.; A process that coordinates and governs the action of other processes or threads; supervisor.
attempt,The action of trying at something.; An assault or attack, especially an assassination attempt.; To try.
critical,A critical value, factor, etc.; In breakdancing, a kind of airflare move in which the dancer hops from one hand to the other.; Inclined to find fault or criticize
equipment,The act of equipping, or the state of being equipped, as for a voyage or expedition.; Whatever is used in equipping something or someone, for example things needed for an expedition or voyage.
recent,Having happened a short while ago.; Up-to-date; not old-fashioned or dated.; Having done something a short while ago that distinguishes them as what they are called.
recognise,To match (something or someone which one currently perceives) to a memory of some previous encounter with the same person or thing.; To acknowledge the existence or legality of; to treat as valid or worthy of consideration.; (or with clause) To acknowledge or consider (as being a certain thing or having a certain quality or property).
expectation,The act or state of expecting or looking forward to an event as about to happen.; That which is expected or looked for.; The prospect of the future; grounds upon which something excellent is expected to occur; prospect of anything good to come, especially of property or rank.
quality,Level of excellence.; A property or an attribute that differentiates a thing or person.; High social position. (See also the quality.)
reset,To set back to the initial state.; To set to zero.; To adjust; to set or position differently.
historical,A historical romance.; Of, concerning, or in accordance with recorded history, (particularly) as opposed to legends, myths, and fictions.; Of, concerning, or in accordance with the past generally.
regulation,The act of regulating or the condition of being regulated.; A law or administrative rule, issued by an organization, used to guide or prescribe the conduct of members of that organization.; A type of law made by the executive branch of government, usually by virtue of a statute made by the legislative branch giving the executive the authority to do so.
locate,To place; to set in a particular spot or position.; To find out where something is located.; To designate the site or place of; to define the limits of (Note: the designation may be purely descriptive: it need not be prescriptive.)
minimum,The lowest limit.; The smallest amount.; A period of minimum brightness or energy intensity (of a star).
biology,The study of all life or living matter.; The living organisms of a particular region.; The structure, function, and behavior of an organism or type of organism.
stipend,A scholarship granted to a student.; A fixed payment, generally small and occurring at regular intervals; a modest allowance.; To provide (someone) with a stipend.
promptly,In prompt manner; both soon and quickly.
site,Sorrow, grief.; The place where anything is fixed; situation; local position; A place fitted or chosen for any certain permanent use or occupation
continuously,Without pause.
primarily,(focus) Of a primary or central nature, first and foremost
syllabus,A summary of topics which will be covered during an academic course, or a text or lecture.; The headnote of a reported case; the brief statement of the points of law determined prefixed to a reported case.
audition,A performance, by an aspiring performer, to demonstrate suitability or talent.; The sense of hearing.; An act of hearing; being heard.
characteristic,A distinguishing feature of a person or thing.; The integer part of a logarithm.; The distinguishing features of a navigational light on a lighthouse etc by which it can be identified (colour, pattern of flashes etc.).
summary,An abstract or a condensed presentation of the substance of a body of material.; Concise, brief or presented in a condensed form; Performed speedily and without formal ceremony.
underscore,An underline; a line drawn or printed beneath text; the character _.; A piece of background music.; To underline; to mark a line beneath text.
playground,(outdoors) A large open space for children to play on, usually having dedicated play equipment (such as swings and slides).; Any physical or metaphysical space in which a person or organization has free rein to do as they please.
probably,In all likelihood.
anthropology,The holistic scientific and social study of humanity, mainly using ethnography as its method.
complaint,The act of complaining.; A grievance, problem, difficulty, or concern.; In a civil action, the first pleading of the plaintiff setting out the facts on which the claim is based; The purpose is to give notice to the adversary of the nature and basis of the claim asserted.
adapt,To make suitable; to make to correspond; to fit or suit; To fit by alteration; to modify or remodel for a different purpose; to adjust; To make by altering or fitting something else; to produce by change of form or character
critic,A person who appraises the works of others.; A specialist in judging works of art.; One who criticizes; a person who finds fault.
durable,A durable thing, one useful over more than one period, especially a year.; Able to resist wear, decay; lasting; enduring.
researcher,One who researches.
indicate,To point out; to discover; to direct to a knowledge of; to show; to make known.; To show or manifest by symptoms; to point to as the proper remedies.; To signal in a vehicle the desire to turn right or left.
flight,The act of flying.; An instance of flying.; The act of fleeing.
instrumental,(grammar) The instrumental case.; A composition written or performed without lyrics, sometimes using a lead instrument to replace vocals.; Essential or central; of great importance or relevance.
significantly,In a significant manner or to a significant extent.
certificate,A document containing a certified statement.; A document evidencing ownership or debt.; A document serving as evidence as a person has completed an educational course, issued either by an institution not authorised to grant diplomas, or to a student not qualifying for a diploma.
democracy,Rule by the people, especially as a form of government; either directly or through elected representatives (representative democracy).; A government under the direct or representative rule of the people of its jurisdiction.; Belief in political freedom and equality; the "spirit of democracy".
arrest,A check, stop, an act or instance of arresting something.; The condition of being stopped, standstill.; The process of arresting a criminal, suspect etc.
easter,Eastern.
baseline,A line that is a base for measurement or for construction.; A datum used as the basis for calculation or for comparison.; A line used as the basis for the alignment of glyphs.
carefully,Sorrowfully.; With care; attentively, circumspectly.
happiness,The emotion of being happy; joy.; Prosperity, thriving, wellbeing.; Good luck; good fortune.
wreck,Something or someone that has been ruined.; The remains of something that has been severely damaged or worn down.; An event in which something is damaged through collision.
source,The person, place or thing from which something (information, goods, etc.) comes or is acquired.; Spring; fountainhead; wellhead; any collection of water on or under the surface of the ground in which a stream originates.; A reporter's informant.
package,Something which is packed, a parcel, a box, an envelope.; Something which consists of various components, such as a piece of computer software.; A piece of software which has been prepared in such a way that it can be installed with a package manager.
treatment,The process or manner of treating someone or something.; Medical care for an illness or injury.; The use of a substance or process to preserve or give particular properties to something.
external,(chiefly in the plural) The exterior; outward features or appearances.; In the C programming language, a variable that is defined in the source code but whose value comes from some external source.; Outside of something; on the exterior.
estimation,The process of making an estimate.; The amount, extent, position, size, or value reached in an estimate.; Esteem or favourable regard.
systematic,Carried out using a planned, ordered procedure.; Methodical, regular and orderly.; Of, or relating to taxonomic classification.
variety,The quality of being varied; diversity.; A specific variation of something.; A number of different things.
linguistics,The scientific study of language.
literacy,The ability to read and write.; Understanding of something (ex. computer literacy).
transform,An operation (often an integration) that converts one function into another.; A function so produced.; To change greatly the appearance or form of.
instruct,Instruction.; To teach by giving instructions.; To tell (someone) what they must or should do.
refrigerator,A household appliance used for keeping food fresh by refrigeration (short form fridge).; One who has a chilling influence.
observation,The act of observing, and the fact of being observed (see observance); The act of noting and recording some event; or the record of such noting.; A remark or comment.
email,A system for transferring messages from one computer to another, usually through a network.; A quantity of messages sent through an email system.; A message sent through an email system.
calculator,A mechanical or electronic device that performs mathematical calculations.; A person who performs mathematical calculation; A person who calculates (in the sense of scheming).
balance,A state in which opposing forces harmonise; equilibrium.; Mental equilibrium; mental health; calmness, a state of remaining clear-headed and unperturbed.; Something of equal weight used to provide equilibrium; counterweight.
collaboration,The act of collaborating.; A production or creation made by collaborating.; Treasonous cooperation.
fund,A sum or source of money.; An organization managing such money.; A money-management operation, such as a mutual fund.
submission,The act of submitting or yielding; surrender.; The act of submitting or giving e.g. a completed piece of work.; The thing which has been submitted.
microscope,An optical instrument used for observing small objects.; Any instrument for imaging very small objects (such as an electron microscope).; To examine with a microscope, to put under a microscope (literally or figuratively).
reduce,To bring down the size, quantity, quality, value or intensity of something; to diminish, to lower.; To lose weight.; To bring to an inferior rank; to degrade, to demote.
appointment,The act of appointing a person to hold an office or to have a position of trust; The state of being appointed to a service or office; an office to which one is appointed; Stipulation; agreement; the act of fixing by mutual agreement.
prevail,To be superior in strength, dominance, influence or frequency; to have or gain the advantage over others; to have the upper hand; to outnumber others.; To be current, widespread or predominant; to have currency or prevalence.; To succeed in persuading or inducing.
demotion,An act of demoting; a lowering of rank or status
demography,The study of human populations and how they change.
side,A bounding straight edge of a two-dimensional shape.; A flat surface of a three-dimensional object; a face.; One half (left or right, top or bottom, front or back, etc.) of something or someone.
industrial,(19th-mid 20th century) An employee in industry.; An enterprise producing tangible goods or providing certain services to industrial companies.; A bond or stock issued by such a company.
sometime,Former, erstwhile; at some previous time.; Occasional.; At an indefinite but stated time in the past or future.
tap,A tapering cylindrical pin or peg used to stop the vent in a cask.; A device used to dispense liquids.; Liquor drawn through a tap; hence, a certain kind or quality of liquor.
workshop,A room, especially one which is not particularly large, used for manufacturing or other light industrial work.; A brief, intensive course of education for a small group, emphasizing interaction and practical problem solving.; An academic conference.
trigger,A finger-operated lever used to fire a gun.; A similar device used to activate any mechanism.; An event that initiates others, or incites a response.
emphasis,Special weight or forcefulness given to something considered important.; Special attention or prominence given to something.; Prominence given to a syllable or words, by raising the voice or printing in italic or underlined type.
anticipate,To act before (someone), especially to prevent an action.; To take up or introduce (something) prematurely.; To know of (something) before it happens; to expect.
applicant,One who applies for something; one who makes a request; a petitioner.; The third coordinate (or z-coordinate) in a three-dimensional coordinate system.
environment,The surroundings of, and influences on, a particular item of interest.; The natural world or ecosystem.; All the elements that affect a system or its inputs and outputs.
agriculture,The art or science of cultivating the ground, including the harvesting of crops, and the rearing and management of livestock
reserve,(behaviour) Restriction.; That which is reserved or kept back, as for future use.; (social) Something initially kept back for later use in a recreation.
feast,A very large meal, often of a ceremonial nature.; Something delightful; A festival; a holy day or holiday; a solemn, or more commonly, a joyous, anniversary.
organism,A discrete and complete living thing, such as animal, plant, fungus or microorganism.; (by extension) Any complex thing with properties normally associated with living things.
press,A device used to apply pressure to an item.; A printing machine.; (collective) The print-based media (both the people and the newspapers).
sea,A large body of salt water.; A lake, especially if large or if salty or brackish.; The swell of the sea; a single wave; billow.
contemporary,Someone or something living at the same time, or of roughly the same age as another.; Something existing at the same time.; From the same time period, coexistent in time.
vital,Relating to, or characteristic of life.; Necessary to the continuation of life; being the seat of life; being that on which life depends.; Invigorating or life-giving.
female,One of the female (feminine) sex or gender.; Belonging to the sex which typically produces eggs (ova), or to the gender which is typically associated with it.; Characteristic of this sex/gender. (Compare feminine, womanly.)
selection,A process by which heritable traits conferring survival and reproductive advantage to individuals, or related individuals, tend to be passed on to succeeding generations and become more frequent in a population, whereas other less favourable traits tend to become eliminated; the differential survival and reproduction of phenotypes.; The process or act of selecting.; Something selected.
distribute,To divide into portions and dispense.; To supply to retail outlets.; To deliver or pass out.
recollection,The act of recollecting, or recalling to the memory; the act of recalling to memory; The power of recalling ideas to the mind, or the period within which things can be recollected; remembrance; That which is recollected; something called to mind; a reminiscence.
lecturer,A person who gives lectures, especially as a profession.; A member of a university or college below the rank of assistant professor or reader.; A member of the Church of England clergy whose main task was to deliver sermons (lectures) in the afternoons and evenings.
unique,A thing without a like; something unequalled or unparallelled.; Being the only one of its kind; unequaled, unparalleled or unmatched.; Of a feature, such that only one holder has it.
anonymous,Lacking a name; not named, for example an animal not assigned to any species.; Without any name acknowledged of a person responsible; Of unknown name; whose name is withheld
antibiotic,Any substance that can destroy or inhibit the growth of bacteria and similar microorganisms, generally transported by the lymphatic system.; (pharmaceutical effect) Of or relating to antibiotics.; Of or relating to the theory that extraterrestrial life does not exist.
overlong,Too long.; Too long, for an excessively long time.
partway,To some extent.; In part.
major,A military rank between captain and lieutenant colonel.; The main area of study of a student working toward a degree at a college or university.; A student at a college or university concentrating on a given area of study.
fingerprint,The natural pattern of ridges on the tips of human fingers, unique to each individual.; The patterns left on surfaces where uncovered fingertips have touched, especially as used to identify the person who touched the surface.; Unique identification for public key in asymmetric cryptosystem.
demonstrate,To show how to use (something).; To show the steps taken to create a logical argument or equation.; To participate in or organize a demonstration.
inconclusive,Not conclusive, not leading to a conclusion.
reputable,Having a good reputation; honourable.
entirely,To the full or entire extent.; To the exclusion of others.
edit,A change to the text of a document.; A change in the text of a file, a website or the code of software.; An interruption or change to an improvised scene.
trend,An inclination in a particular direction.; A tendency.; A fad or fashion style.
crop,A plant, especially a cereal, grown to be harvested as food, livestock fodder or fuel or for any other economic purpose.; The natural production for a specific year, particularly of plants.; A group, cluster or collection of things occurring at the same time.
acceptable,Worthy, decent, sure of being accepted or received with at least moderate pleasure; Barely worthy, less than excellent; passable.
track,A mark left by something that has passed along.; A mark or impression left by the foot, either of man or animal.; The entire lower surface of the foot; said of birds, etc.
overlap,Something that overlaps or is overlapped; A situation in the game where an attacking line has more players in it than the defensive line coming to meet it. The attacking side may exploit the overlap by using their superior numbers to break the opposition's defensive line. If attackers outnumber defenders by more than one player this is often termed a two man overlap or three man overlap, etc. If the attacking side fails to break through usually due to poor execution, they are said to waste an overlap.; The payment of a spouse's or other dependant's annuity benefits concurrently with the member's benefits, on death of the member during the guarantee period.
grant,The act of granting; a bestowing or conferring; concession; allowance; permission.; The yielding or admission of something in dispute.; The thing or property granted; a gift; a boon.
unattended,Not attended; without persons present.; Not attended to; not receiving attention.
interactive,A feature (as in a museum) that can be interacted with.; Interacting with or communicating with and reacting to each other; influencing or having an effect on each other; acting or capable of acting on each other or with the other.; Responding to the user.
celebrate,To extol or honour in a solemn manner.; To honour by rites, by ceremonies of joy and respect, or by refraining from ordinary business; to observe duly.; To engage in joyful activity in appreciation of an event.
consciously,In a conscious manner; knowingly, volitionally.
detail,Something small enough to escape casual notice.; A profusion of details.; The small things that can escape casual notice.
upgrade,An upward grade or slope.; An improved component or replacement item, usually applied to technology; An improvement
gym,A sports facility specialized for lifting weights and exercise.; Physical education class; To go to the gym.
adjust,To modify.; To improve or rectify.; To settle an insurance claim.
obtain,To get hold of; to gain possession of, to procure; to acquire, in any way.; To secure (that) a specific objective or state of affairs be reached.; To prevail, be victorious; to succeed.
complementary,A complementary colour.; One skilled in compliments.; An angle which adds with another to equal 90 degrees.
disposable,Any object that is designed to be disposed of rather than refilled or repaired.; That can be disposed of.; That is designed to be discarded rather than reused, refilled or repaired.
application,The act of applying or laying on, in a literal sense; The substance applied.; The act of applying as a means; the employment of means to accomplish an end; specific use.
approach,The act of drawing near; a coming or advancing near.; An access, or opportunity of drawing near.; (in plural) Movements to gain favor; advances.
marine,A soldier, normally a member of a marine corps, trained to serve on board or from a ship; Capitalised in the plural A marine corps.; A painting representing some marine subject.
repetition,The act or an instance of repeating or being repeated.; : The act of performing a single, controlled exercise motion. A group of repetitions is a set.; To petition again.
plagiarism,Copying of another person's ideas, text or other creative work, and presenting it as one's own, especially without permission; plagiarizing.; Text or other work resulting from this act.; The instance of plagiarism.
illustrate,To shed light upon.; To clarify something by giving, or serving as, an example or a comparison.; To provide a book or other publication with pictures, diagrams or other explanatory or decorative features.
original,An object or other creation (e.g. narrative work) from which all later copies and variations are derived; A person with a unique and interesting personality and/or creative talent; An eccentric
approachable,Easily approached; easy to talk to.
reaction,An action or statement in response to a stimulus or other event.; A transformation in which one or more substances is converted into another by combination or decomposition.; Reactionary politics; a period in which reactionary thought or politics is resurgent or dominant.
unwell,Not in good health; not feeling well; somewhat ill; Specifically, ill from menstruation; affected with, or having, catamenial; menstruant.
button,One who adjusts, especially for the insurance industry's employment title "loss adjuster" (or "claims adjuster" in the United States).; A knob or disc that is passed through a loop or (buttonhole), serving as a fastener.; A mechanical device meant to be pressed with a finger in order to open or close an electric circuit or to activate a mechanism.
prominent,Standing out, or projecting; jutting; protuberant; Likely to attract attention from its size or position; conspicuous; Eminent; distinguished above others
technological,Of, relating to, or involving technology, especially modern scientific technology.
requirement,A necessity or prerequisite; something required or obligatory. Its adpositions are generally of in relation to who or what has given it, on in relation to whom or what it is given to, and for in relation to what is required.; Something asked.; A statement (in domain specific terms) which specifies a verifiable constraint on an implementation that it shall undeniably meet or (a) be deemed unacceptable, or (b) result in implementation failure, or (c) result in system failure.
access,A way or means of approaching or entering; an entrance; a passage.; The act of approaching or entering; an advance.; The right or ability of approaching or entering; admittance; admission; accessibility.
various,Having a broad range (of different elements).; That varies or differs from others; variant; different.
male,One of the male (masculine) sex or gender.; Belonging to the sex which typically produces sperm, or to the gender which is typically associated with it.; Characteristic of this sex/gender. (Compare masculine, manly.)
establish,To make stable or firm; to confirm.; To form; to found; to institute; to set up in business.; To appoint or adopt, as officers, laws, regulations, guidelines, etc.; to enact; to ordain.
consequence,That which follows something on which it depends; that which is produced by a cause.; A result of actions, especially if such a result is unwanted or unpleasant.; A proposition collected from the agreement of other previous propositions; any conclusion which results from reason or argument; inference.
campus,The grounds or property of a school, college, university, business, church, or hospital, often understood to include buildings and other structures.; An institution of higher education and its ambiance.; To confine to campus as a punishment.
greenhouse,A building used to grow plants, particularly one with large glass windows or plastic sheeting to trap heat from sunlight even in intemperate seasons or climates.; The glass of a plane's cockpit.; A structure that shields the operating table to protect against bacteria.
statistically,In a statistical way.; From a statistical point of view.; From statistical evidence.
sovereignty,(of a polity) The state of making laws and controlling resources without the coercion of other nations.; (of a ruler) Supreme authority over all things.; (of a person) The liberty to decide one's thoughts and actions.
severe,Very bad or intense.; Strict or harsh.; Sober, plain in appearance, austere.
anxiety,An unpleasant state of mental uneasiness, nervousness, apprehension and obsession or concern about some uncertain event.; An uneasy or distressing desire (for something).; A state of restlessness and agitation, often accompanied by a distressing sense of oppression or tightness in the stomach.
advisor,One who offers advice.
salt,A common substance, chemically consisting mainly of sodium chloride (NaCl), used extensively as a condiment and preservative.; One of the compounds formed from the reaction of an acid with a base, where a positive ion replaces a hydrogen of the acid.; A salt marsh, a saline marsh at the shore of a sea.
layer,A single thickness of some material covering a surface.; A (usually) horizontal deposit; a stratum.; One of the items in a hierarchy.
click,A brief, sharp, not particularly loud, relatively high-pitched sound produced by the impact of something small and hard against something hard, such as by the operation of a switch, a lock or a latch, or a finger pressed against the thumb and then released to strike the hand.; An ingressive sound made by coarticulating a velar or uvular closure with another closure.; Sound made by a dolphin.
adulthood,The state or condition of a human being once it has reached physical maturity, and is presumed to have reached a state of psychological maturity, to wit: once it has become an adult.; The time period of a human being's majority; the time during which a human being has reached physical maturity, and ending with its death.
exist,(stative) to be; have existence; have being or reality
crown,A royal, imperial or princely headdress; a diadem.; A wreath or band for the head, especially one given as reward of victory or a mark of honor.; (by extension) Any reward of victory or mark of honor.
associate,A person united with another or others in an act, enterprise, or business; a partner.; Somebody with whom one works, coworker, colleague.; A companion; a comrade.
fertiliser,A natural substance that is used to make the ground more suitable for growing plants.; A chemical compound created to have the same effect.
parliament,A formal council summoned (especially by a monarch) to discuss important issues.; In many countries, the legislative branch of government, a deliberative assembly or set of assemblies whose elected or appointed members meet to debate the major political issues of the day, make, amend, and repeal laws, authorize the executive branch of government to spend money, and in some cases exercise judicial powers; a legislature.; A particular assembly of the members of such a legislature, as convened for a specific purpose or period of time (commonly designated with an ordinal number – for example, first parliament or 12th parliament – or a descriptive adjective – for example, Long Parliament, Short Parliament and Rump Parliament).
comparison,The act of comparing or the state or process of being compared.; An evaluation of the similarities and differences of one or more things relative to some other or each-other.; With a negation, the state of being similar or alike.
promote,To raise (someone) to a more important, responsible, or remunerative job or rank.; To advocate or urge on behalf of (something or someone); to attempt to popularize or sell by means of advertising or publicity.; To encourage, urge or incite.
branch,The woody part of a tree arising from the trunk and usually dividing.; Any of the parts of something that divides like the branch of a tree.; A creek or stream which flows into a larger river. (compare Ohio, Pennsylvania and West Virginia run, and New York and New England brook.)
urban,Related to the (or any) city.; Characteristic of city life.; Relating to contemporary African American culture.
themselves,The reflexive case of they, the third-person plural personal pronoun. The group of people, animals or objects previously mentioned, as the object of a verb or following a preposition (also used for emphasis).; The reflexive case of they, the third-person singular personal pronoun. The single person previously mentioned, as the object of a verb or following a preposition (also used for emphasis).
directly,In a direct manner; in a straight line or course.; In a straightforward way; without anything intervening; not by secondary, but by direct means.; Plainly, without circumlocution or ambiguity; absolutely; in express terms.
pursue,To follow urgently, originally with intent to capture or harm; to chase.; To follow, travel down (a particular way, course of action etc.).; To aim for, go after (a specified objective, situation etc.).
struggle,A contortion of the body in an attempt to escape or to perform a difficult task.; Strife, contention, great effort.; To strive, to labour in difficulty, to fight (for or against), to contend.
identification,The act of identifying, or proving to be the same.; The state of being identified.; A particular instance of identifying something.
unlike,Something that is not like something else; something different.; Not like; dissimilar (to); having no resemblance.; Unequal.
legal,The legal department of a company.; Paper in sheets 8½ in × 14 in (215.9 mm × 355.6 mm).; A spy who is attached to, and ostensibly employed by, an embassy, military outpost, etc.
excellence,The quality of being excellent; brilliance; Something in which one excels.; An excellent or valuable quality; something at which any someone excels; a virtue.
dip,A lower section of a road or geological feature.; Inclination downward; direction below a horizontal line; slope; pitch.; The action of dipping or plunging for a moment into a liquid.
tense,(grammar) Any of the forms of a verb which distinguish when an action or state of being occurs or exists.; (grammar) An inflected form of a verb that indicates tense.; The property of indicating the point in time at which an action or state of being occurs or exists.
validate,To render valid.; To check or prove the validity of; verify.; To have its validity successfully proven.
timetable,A tabular schedule of events with the times at which they occur, especially times of arrivals and departures; To arrange a specific time for (an event, a class, etc).
whereas,A clause, as in legal documents, stating whereas.; Where (that).; In contrast; whilst on the contrary; although.
supervisor,A person with the official task of overseeing the work of a person or group, or of other operations and activities.; A person who monitors someone to make sure they comply with rules or other requirements set for them.; In certain states, an elected member of the governing body for a county which is called the board of supervisors.
mainly,Forcefully, vigorously.; Of the production of a sound: loudly, powerfully.; To a great degree; very much.
print,Books and other material created by printing presses, considered collectively or as a medium.; Clear handwriting, especially, writing without connected letters as in cursive.; The letters forming the text of a document.
traveller,A member of a particular nomadic ethnic minority in Ireland, the Pavee.; One who travels, especially to distant lands.; A salesman who travels from place to place on behalf of a company.
appreciate,To be grateful or thankful for.; To view as valuable.; To be fully conscious of; understand; be aware of; detect.
vitamin,Any of a specific group of organic compounds essential in small quantities for healthy human growth, metabolism, development, and body function; found in minute amounts in plant and animal foods or sometimes produced synthetically; deficiencies of specific vitamins produce specific disorders.
quantitative,Of a measurement based on some quantity or number rather than on some quality; Of a form of analysis that determines the amount of some element or compound in a sample
literature,The body of all written works.; The collected creative writing of a nation, people, group or culture.; (usually preceded by the) All the papers, treatises etc. published in academic journals on a particular subject.
publish,To issue (something, such as printed work) for distribution and/or sale.; To announce to the public.; To issue the work of (an author).
sympathy,A feeling of pity or sorrow for the suffering or distress of another; compassion.; The ability to share the feelings of another.; A mutual relationship between people or things such that they are correspondingly affected by any condition.
political,A political agent or officer.; A publication focusing on politics.; Concerning or relating to politics, the art and process of governing.
carbohydrate,(nutrition) A sugar, starch, or cellulose that is a food source of energy for an animal or plant.; (by extension, metonym) Any food rich in starch or other carbohydrates.
participant,One who participates.; Sharing; participating; having a share of part.
neuroscience,The scientific study of the nervous system.
deliver,To set free from restraint or danger.; (process) To do with birth.; To free from or disburden of anything.
discount,A reduction in price.; A deduction made for interest, in advancing money upon, or purchasing, a bill or note not due; payment in advance of interest upon money.; The rate of interest charged in discounting.
within,In the context of which the present document or ruling is made.; In or into the interior; inside.; In the inner part, spatially; physically inside.
incorporate,To include (something) as a part.; To mix (something in) as an ingredient; to blend; To admit as a member of a company
movement,Physical motion between points in space.; A system or mechanism for transmitting motion of a definite character, or for transforming motion, such as the wheelwork of a watch.; The impression of motion in an artwork, painting, novel etc.
fellow,A colleague or partner.; A companion; a comrade.; A man without good breeding or worth; an ignoble or mean man.
accommodation,(usually a mass noun) Lodging in a dwelling or similar living quarters afforded to travellers in hotels or on cruise ships, or prisoners, etc.; (physical) Adaptation or adjustment.; (personal) Adaptation or adjustment.
advise,To give advice to; to offer an opinion to, as worthy or expedient to be followed.; To recommend; to offer as advice.; To give information or notice to; to inform or counsel; — with of before the thing communicated.
contribute,To give something that is or becomes part of a larger whole.
variable,Something that is variable.; Something whose value may be dictated or discovered.; A quantity that may assume any one of a set of values.
solar,Of or pertaining to the sun; proceeding from the sun; Born under the predominant influence of the sun.; Measured by the progress or revolution of the sun in the ecliptic; as, the solar year.
midday,Noon; twelve o'clock during the day
critically,In a critical manner; with, or in terms of, criticism.; With close discernment; accurately; exactly.; At a crisis or critical time; in a situation, place, or condition of decisive consequence.
greatly,To a great extent or degree.; Nobly; magnanimously.
velocity,A vector quantity that denotes the rate of change of position with respect to time, or a speed with the directional component.; Rapidity of motion.; The rate of occurrence.
cyclone,(broad sense) A weather phenomenon consisting of a system of winds rotating around a center of low atmospheric pressure; (narrow sense) Such weather phenomenon occurring in the South Pacific and Indian Ocean; A low pressure system.
calculation,The act or process of calculating.; The result of calculating.; Reckoning, estimate.
textile,(usually in the plural) Any material made of interlacing fibres, including carpeting and geotextiles.; (naturism) A non-nudist.; (naturism) Clothing compulsive.
propose,An objective or aim.; To suggest a plan, course of action, etc.; (sometimes followed by to) To ask for a person's hand in marriage.
outlet,A vent or similar passage to allow the escape of something.; Something which allows for the release of one's desires.; A river that runs out of a lake.
aquatic,Any aquatic plant.; Relating to water; living in or near water, taking place in water.
pure,One who, or that which, is pure.; To hit (the ball) completely cleanly and accurately; To cleanse; to refine.
moisture,That which moistens or makes damp or wet; exuding fluid; liquid in small quantity.; The state of being moist.; Skin moisture noted as dry, moist, clammy, or diaphoretic as part of the skin signs assessment.
designer,A person who designs something, or who designs things as a profession.; A plotter or schemer.; A software tool for designing things.
politician,One engaged in politics, especially an elected or appointed government official.; Specifically, one who regards elected political office as a career.; A politically active or interested person.
uncertainty,Doubt; the condition of being uncertain or without conviction.; Something uncertain or ambiguous.; A parameter that measures the dispersion of a range of measured values.
coursework,Work carried out by students of a particular course; it is assessed and counts towards the grade given.
responsibility,The state of being responsible, accountable, or answerable.; The state of being liable, culpable, or responsible for something in particular.; A duty, obligation or liability for which someone is held accountable.
consumer,One who, or that which, consumes.; Someone who trades money for goods or services as an individual.; (by extension) The consumer base of a product, service or business.
content,(except in phrases) Satisfaction, contentment; pleasure.; To give contentment or satisfaction; to satisfy; to make happy.; To satisfy the expectations of; to pay; to requite
ingredient,One of the substances present in a mixture, especially food.
elephant,A mammal of the order Proboscidea, having a trunk, and two large ivory tusks jutting from the upper jaw.; Anything huge and ponderous.; Used when counting to add length, so that each count takes about one second
dioxide,Any oxide containing two oxygen atoms in each molecule.
thorough,A furrow between two ridges, to drain off the surface water.; Painstaking and careful not to miss or omit any detail.; Utter; complete; absolute.
calculate,To determine the value of something or the solution to something by a mathematical process.; To determine values or solutions by a mathematical process; reckon.; To plan; to expect; to think.
provider,One who, or that which, provides a service, commodity, or the means for subsistence.
legume,The fruit or seed of leguminous plants (as peas or beans) used for food.; Any of a large family (Fabaceae, syn. Leguminosae) of dicotyledonous herbs, shrubs, and trees having fruits that are legumes or loments, bearing nodules on the roots that contain nitrogen-fixing bacteria, and including important food and forage plants (as peas, beans, or clovers).; A pod dehiscent into two pieces or valves, and having the seed attached at one suture, as that of the pea.
per,For each.; To each, in each (used in expressing ratios of units).; By the, by means of the, via the, through the.
evolution,A change of position.; An unfolding.; Process of development.
elderly,An elderly person; (the elderly) older people as a whole; Old; having lived for relatively many years.
classical,One that is classical in some way; for example, a classical economist.; Of or relating to the first class or rank, especially in literature or art.; Of or pertaining to established principles in a discipline.
contact,The act of touching physically; being in close association.; The establishment of communication (with).; A nodule designed to connect a device with something else.
choir,Singing group; group of people who sing together; company of people who are trained to sing together.; The part of a church where the choir assembles for song.; (Christian angelology) One of the nine ranks or orders of angels.
guest,A recipient of hospitality, specifically someone staying by invitation at the house of another.; A patron or customer in a hotel etc.; An invited visitor or performer to an institution or to a broadcast.
addiction,A state that is characterized by compulsive drug use or compulsive engagement in rewarding behavior, despite negative consequences.; The state of being addicted; devotion; inclination.; A habit or practice that damages, jeopardizes or shortens one's life but when ceased causes trauma.
originate,To cause to be, to bring into existence; to produce, initiate.; To come into existence; to have origin or beginning; to spring, be derived (from, with).
risky,Dangerous, involving risks.
atmosphere,The gases surrounding the Earth or any astronomical body.; The air in a particular place.; The apparent mood felt in an environment.
extrapolate,To infer by extending known information.; To estimate the value of a variable outside a known range from values within that range by assuming that the estimated value follows logically from the known ones
investigate,To inquire into or study in order to ascertain facts or information.; To examine, look into, or scrutinize in order to discover something hidden or secret.; To conduct an inquiry or examination.
assembly,A set of pieces that work together in unison as a mechanism or device.; The act of putting together a set of pieces, fragments, or elements.; A congregation of people in one place for a purpose.
inhabitant,Someone or thing who lives in a place.; Resident.
positive,A thing capable of being affirmed; something real or actual.; A favourable point or characteristic.; Something having a positive value in physics, such as an electric charge.
cafeteria,A restaurant in which customers select their food at a counter then carry it on a tray to a table to eat; A dining area in an institution where meals may be purchased (as above), provided, or brought in from elsewhere
nutrition,The organic process by which an organism assimilates food and uses it for growth and maintenance.; That which nourishes; nutriment.
dependant,A person who depends on another for support, particularly financial support (= US dependent).; Relying upon; depending upon.; Having a probability that is affected by the outcome of a separate event.
financially,In terms of finance or money.
lab,A laboratory.; (chiefly in the plural) Laboratory experiment, test, investigation or result.; A Labrador retriever.
focus,A point at which reflected or refracted rays of light converge.; A point of a conic at which rays reflected from a curve or surface converge.; The fact of the convergence of light on the photographic medium.
reproductive,A reproductive organism (especially such as in an insect).; Of or relating to reproduction.; That reproduces.
logo,A visual symbol or emblem that acts as a trademark or a means of identification of a company or organization.; (by extension) An audio recording for the same purpose; a jingle.; A single graphic which contains one or more separate elements.
investment,The act of investing, or state of being invested.; A placement of capital in expectation of deriving income or profit from its use or appreciation.; A vestment.
prosperity,The condition of being prosperous, of having good fortune
stripe,A long, relatively straight region of a single colour.; (in the plural) The badge worn by certain officers in the military or other forces.; Distinguishing characteristic; sign; likeness; sort.
coastal,Relating to the coast; on or near the coast, as a coastal town, a coastal breeze
stakeholder,A person holding the stakes of bettors, with the responsibility of delivering the pot to the winner of the bet.; An escrow agent or custodian.; A person filing an interpleader action, such as a garnishee or trustee, who acknowledges possession of property that is owed to one or more of several other claimants.
correlation,A reciprocal, parallel or complementary relationship between two or more comparable objects.; One of the several measures of the linear statistical relationship between two random variables, indicating both the strength and direction of the relationship.; An isomorphism from a projective space to the dual of a projective space, often to the dual of itself.
doctoral,Relating to a doctorate.; Pertaining to a medical doctor or physician.
attract,To pull toward without touching.; To arouse interest.; To draw by moral, emotional or sexual influence; to engage or fix, as the mind, attention, etc.; to invite or allure.
comprehensive,A comprehensive school.; Broadly or completely covering; including a large proportion of something.
reception,The act of receiving.; The act or ability to receive radio or similar signals.; A social engagement, usually to formally welcome someone.
mental,Of or relating to the mind or an intellectual process.; Insane, mad, crazy.; Enjoyable or fun, especially in a frenetic way.
procedure,A particular method for performing a task.; A series of small tasks or steps taken to accomplish an end.; The set of established forms or methods of an organized body for accomplishing a certain task or tasks.
catch,The act of seizing or capturing.; The act of catching an object in motion, especially a ball.; The act of noticing, understanding or hearing.
allocate,To set aside for a purpose.; To distribute according to a plan, generally followed by the adposition to.; To reserve a portion of memory for use by a computer program.
printer,One who makes prints.; The operator of a printing press, or the owner of a printing business.; A device, usually attached to a computer, used to print text or images onto paper; an analogous device capable of producing three-dimensional objects.
alumnus,A male pupil or student.; A male graduate.; A student of any gender.
unite,A British gold coin worth 20 shillings, first produced during the reign of King James I, and bearing a legend indicating the king's intention of uniting the kingdoms of England and Scotland.; To bring together as one.; To come together as one.
theft,The act of stealing property.
monitor,Someone who watches over something; a person in charge of something or someone.; A device that detects and informs on the presence, quantity, etc., of something.; A device similar to a television set used as to give a graphical display of the output from a computer.
evaluation,An assessment, such as an annual personnel performance review used as the basis for a salary increase or bonus, or a summary of a particular situation.; A completion of a mathematical operation; a valuation.; Determination of the value of a variable or expression.
skilled,Having or showing skill; skillful.; Requiring special abilities or training.; To set apart; separate.
clinical,A medical student's session spent in a real-world nursing environment.; Of or pertaining to a medical clinic or facility.; Dealing with practical management of patients; contrasting with prehealth sciences.
union,The act of uniting or joining two or more things into one.; The state of being united or joined; a state of unity or harmony.; That which is united, or made one; something formed by a combination or coalition of parts or members; a confederation; a consolidated body; a league.
foremost,First, either in time or in space; Most forward; front; Of a higher rank or position; paramount
secure,To make safe; to relieve from apprehensions of, or exposure to, danger; to guard; to protect.; To put beyond hazard of losing or of not receiving; to make certain; to assure; frequently with against or from, or formerly with of.; To make fast; to close or confine effectually; to render incapable of getting loose or escaping.
import,Something brought in from an exterior source, especially for sale or trade.; The practice of importing.; Significance, importance.
detection,The act of detecting or sensing something; discovering something that was hidden or disguised.; The finding out of a constituent, a signal, an agent or the like, mostly by means of a specific device or method.
lifetime,The duration of the life of someone or something.; A long period of time.
verbally,In a verbal manner; with words; by speaking.
eyewash,A soothing medicated lotion for the eyes; Nonsense; flattery; pretentiousness.; To fool with nonsense or flattery.
assessment,The act of assessing or an amount (of tax, levy or duty etc) assessed.; An appraisal or evaluation.
module,A self-contained component of a system, often interchangeable, which has a well-defined interface to the other components.; A standard unit of measure used for determining the proportions of a building.; A section of a program; a subroutine or group of subroutines.
statement,A declaration or remark.; A presentation of opinion or position.; A document that summarizes financial activity.
phenomenal,Very remarkable; highly extraordinary; amazing.; Perceptible by the senses through immediate experience.; Of or pertaining to the appearance of the world, as opposed to the ultimate nature of the world as it is in itself.
psychologist,An expert in the field of psychology.
resource,Something that one uses to achieve an objective, e.g. raw materials or personnel.; A person's capacity to deal with difficulty.; To supply with resources.
equality,The fact of being equal.; The fact of being equal, of having the same value.; The equal treatment of people irrespective of social or cultural differences.
comment,A spoken or written remark.; A remark embedded in source code in such a way that it will be ignored by the compiler or interpreter, typically to help people to understand the code.; To remark.
convince,To make someone believe, or feel sure about something, especially by using logic, argument or evidence.; To persuade.; To overcome, conquer, vanquish.
wildly,In a wild, uncontrolled manner.
closely,In a close manner.; Secretly; privately
cannot,Something that cannot be done.; Can not (be unable to).; Be forbidden or not permitted to
individual,A person considered alone, rather than as belonging to a group of people.; A single physical human being as a legal subject, as opposed to a legal person such as a corporation.; An object, be it a thing or an agent, as contrasted to a class.
universe,Our universe, the sum of everything that exists in the cosmos, including time and space itself.; The sum of everything that exists in the cosmos, including time and space itself.; An entity similar to our universe; one component of a larger entity known as the multiverse.
enrolment,The act of enrolling or the state of being enrolled.; The people enrolled, considered as a group.; The number of people enrolled.
legislation,The act of legislating; preparation and enactment of laws; the laws enacted.; Law which has been enacted by legislature or other governing body
unconsciously,In an unconscious manner; unknowingly
beyond,The unknown.; The hereafter.; Something that is far beyond.
toddler,A young child who has started walking but not fully mastered it, typically between one and three years old.
astronomer,One who studies astronomy, the stars or the physical universe; a scientist whose area of research is astronomy or astrophysics
homebuyers,A person who buys or plans to buy a house.
single,A 45 RPM vinyl record with one song on side A and one on side B.; A popular song released and sold (on any format) nominally on its own though usually having at least one extra track.; One who is not married or does not have a romantic partner.
potential,Currently unrealized ability (with the most common adposition being to); The gravitational potential: the radial (irrotational, static) component of a gravitational field, also known as the Newtonian potential or the gravitoelectric field.; The work (energy) required to move a reference particle from a reference location to a specified location in the presence of a force field, for example to bring a unit positive electric charge from an infinite distance to a specified point against an electric field.
mathematic,Mathematical
aim,The pointing of a weapon, as a gun, a dart, or an arrow, or object, in the line of direction with the object intended to be struck; the line of fire; the direction of anything, such as a spear, a blow, a discourse, a remark, towards a particular point or object, with a view to strike or affect it.; The point intended to be hit, or object intended to be attained or affected.; Intention or goal
view,(physical) Visual perception.; A picture, drawn or painted; a sketch.; (psychological) Opinion, judgement, imagination.
gown,A loose, flowing upper garment.; A woman's ordinary outer dress, such as a calico or silk gown.; The official robe of certain professional men and scholars, such as university students and officers, barristers, judges, etc.
vocational,Of or pertaining to a vocation.; (of education) That provides a special skill rather than academic knowledge.
migration,An instance of moving to live in another place for a while.; Seasonal moving of animals, as mammals, birds or fish, especially between breeding and non-breeding areas.; Movement in general.
distinguish,To recognize someone or something as different from others based on its characteristics.; To see someone or something clearly or distinctly.; To make oneself noticeably different or better from others through accomplishments.
stair,A single step in a staircase.; A series of steps; a staircase.
rate,The worth of something; value.; The proportional relationship between one amount, value etc. and another.; Speed.
institution,A custom or practice of a society or community.; An organization similarly long established and respected, particularly one involved with education, public service, or charity work.; The building or buildings which house such an organization.
outline,A line marking the boundary of an object figure.; The outer shape of an object or figure.; A sketch or drawing in which objects are delineated in contours without shading.
argument,A fact or statement used to support a proposition; a reason.; A verbal dispute; a quarrel.; A process of reasoning.
children,A person who has not yet reached adulthood, whether natural (puberty), cultural (initiation), or legal (majority); (specifically) A female child, a girl.; (with possessive) One's direct descendant by birth, regardless of age; a son or daughter.
fashion,A current (constantly changing) trend, favored for frivolous rather than practical, logical, or intellectual reasons.; Popular trends.; A style or manner in which something is done.
add,An act or instance of adding.; An additional enemy that joins a fight after the primary target.; To join or unite (e.g. one thing to another, or as several particulars) so as to increase the number, augment the quantity or enlarge the magnitude, or so as to form into one aggregate.
likely,Something or somebody considered likely.; Probable; having a greater-than-even chance of occurring; (as predicate, followed by to and infinitive) Reasonably to be expected; apparently destined, probable
combination,The act of combining, the state of being combined or the result of combining.; An object formed by combining.; A sequence of numbers or letters used to open a combination lock.
status,A person’s condition, position or standing relative to that of others.; Prestige or high standing.; A situation or state of affairs.
sorrow,Unhappiness, woe; (usually in plural) An instance or cause of unhappiness.; To feel or express grief.
vie,A contest.; To fight for superiority; to contend; to compete eagerly so as to gain something.; To rival (something), etc.
conductor,One who conducts or leads; a guide; a director.; A person who conducts an orchestra, choir or other music ensemble; a professional whose occupation is conducting.; A person who takes tickets on public transportation and also helps passengers
lecture,A spoken lesson or exposition, usually delivered to a group.; (by extension) a class that primarily consists of a (weekly or other regularly held) lecture (as in sense 1) [usually at college or university]; A berating or scolding.
factor,A doer, maker; a person who does things for another person or organization.; An agent or representative.; A commission agent.
photograph,A picture created by projecting an image onto a photosensitive surface such as a chemically treated plate or film, CCD receptor, etc.; To take a photograph of.; To fix permanently in the memory etc.
competitive,Capable of competing successfully; Of or pertaining to competition; (of someone's character) inclined to compete
ought,Property; possession; Duty; place; office
hypothesis,Used loosely, a tentative conjecture explaining an observation, phenomenon or scientific problem that can be tested by further observation, investigation and/or experimentation. As a scientific term of art, see the attached quotation. Compare to theory, and quotation given there.; (general) An assumption taken to be true for the purpose of argument or investigation.; (grammar) The antecedent of a conditional statement.
addition,The act of adding anything.; Anything that is added.; The arithmetic operation of adding.
leadership,The capacity of someone to lead others.; A group of leaders.; The office or status of a leader.
protest,A formal objection, especially one by a group.; A collective gesture of disapproval; a demonstration.; The noting by a notary public of an unpaid or unaccepted bill.
measure,A prescribed quantity or extent.; The act or result of measuring.; Metrical rhythm.
economic,Pertaining to an economy.; Frugal; cheap (in the sense of representing good value); economical.; Pertaining to the study of money and its movement.
observer,One who makes observations, monitors or takes notice; One who adheres or follows laws, guidelines, etc.; A person sent as a representative, to a meeting or other function to monitor but not to participate
foreign,A foreign person, particularly:; A foreign ship.; Clipping of chamber foreign: an outhouse.
nation,A historically constituted, stable community of people, formed on the basis of a common language, territory, economic life, ethnicity and/or psychological make-up manifested in a common culture.; A sovereign state.; An association of students based on its members' birthplace or ethnicity.
advance,A forward move; improvement or progression.; An amount of money or credit, especially given as a loan, or paid before it is due; an advancement.; An addition to the price; rise in price or value.
release,The event of setting (someone or something) free (e.g. hostages, slaves, prisoners, caged animals, hooked or stuck mechanisms).; The distribution of an initial or new and upgraded version of a computer software product; the distribution can be either public or private.; Anything recently released or made available (as for sale).
verify,To substantiate or prove the truth of something; To confirm or test the truth or accuracy of something; To affirm something formally, under oath
secretary,Someone entrusted with a secret; a confidant.; A person who keeps records, takes notes and handles general clerical work.; (often capitalized) The head of a department of government.
improper,To appropriate; to limit.; To behave improperly; Unsuitable to needs or circumstances; inappropriate; inapt
judge,A public official whose duty it is to administer the law, especially by presiding over trials and rendering judgments; a justice.; A person who decides the fate of someone or something that has been called into question.; A person officiating at a sports event or similar.
conflict,A clash or disagreement, often violent, between two or more opposing groups or individuals.; An incompatibility, as of two things that cannot be simultaneously fulfilled.; To be at odds (with); to disagree or be incompatible
enrol,To enter (a name, etc.) in a register, roll or list; To enlist (someone) or make (someone) a member of; To enlist oneself (in something) or become a member (of something)
tomb,A small building (or "vault") for the remains of the dead, with walls, a roof, and (if it is to be used for more than one corpse) a door. It may be partly or wholly in the ground (except for its entrance) in a cemetery, or it may be inside a church proper or in its crypt. Single tombs may be permanently sealed; those for families (or other groups) have doors for access whenever needed.; A pit in which the dead body of a human being is deposited; a grave.; One who keeps secrets.
environmental,Pertaining to the environment.
crisis,A crucial or decisive point or situation; a turning point.; An unstable situation, in political, social, economic or military affairs, especially one involving an impending abrupt change.; A sudden change in the course of a disease, usually at which point the patient is expected to either recover or die.
authority,The power to enforce rules or give orders.; (used in singular or plural form) Persons in command; specifically, government.; A person accepted as a source of reliable information on a subject.
download,A file transfer to the local computer.; A file that has been, or will be transferred in this way.; To transfer data from a remote computer (server) to a local computer, usually via a network.
mature,Fully developed; grown up in terms of physical appearance, behaviour or thinking; ripe.; Brought to a state of complete readiness.; Profound; careful.
laundry,A laundering; a washing.; A place or room where laundering is done - including, by extension, other forms of laundering than clothes washing.; That which needs to be, is being, or has been laundered.
lowest,Situated close to, or even below, the ground or another normal reference plane; not high or lofty.; Of less than normal height; below the average or normal level from which elevation is measured.; Not high in status, esteem or rank, dignity, or quality. (Compare vulgar.)
muscle,A contractile form of tissue which animals use to effect movement.; An organ composed of muscle tissue.; (usually in the plural) A well-developed physique, in which the muscles are enlarged from exercise.
nitrogen,The chemical element (symbol N) with an atomic number of 7 and atomic weight of 14.0067. It is a colorless and odorless gas.; Molecular nitrogen (N2), a colorless, odorless gas at room temperature.; A specific nitrogen within a chemical formula, or a specific isotope of nitrogen
bus,A motor vehicle for transporting large numbers of people along roads.; An electrical conductor or interface serving as a common connection for two or more circuits or components.; (medical industry) An ambulance.
participation,The act of participating, of taking part in something.; The state of being related to a larger whole.; The process during which individuals, groups and organizations are consulted about or have the opportunity to become actively involved in a project or program of activity.
emission,Something which is emitted or sent out; issue.; The act of emitting; the act of sending forth or putting into circulation.
enormously,Extremely, greatly: to an enormous degree.; Shockingly.
gap,An opening in anything made by breaking or parting.; An opening allowing passage or entrance.; An opening that implies a breach or defect.
consensus,A process of decision-making that seeks widespread agreement among group members.; General agreement among the members of a given group or community, each of which exercises some discretion in decision-making and follow-up action.; Average projected value.
emirate,A country ruled by an emir.; The office of an emir.
academic,(usually capitalized) A follower of Plato, a Platonist.; A senior member of an academy, college, or university; a person who attends an academy; a person engaged in scholarly pursuits; one who is academic in practice.; A member of the Academy; an academician.
confirm,To strengthen; to make firm or resolute.; To administer the sacrament of confirmation on (someone).; To assure the accuracy of previous statements.
lifestyle,A style of living that reflects the attitudes and values of a person or group.; The totality of the likes and dislikes of a particular section of the market, especially when expressed in terms of the products and services that they would buy; a marketing strategy based on the self-image of such a group.
minimal,The smallest possible amount, quantity, or degree.; Characterised by the use of simple form or structures.; Characterised by the repetition and gradual alteration of short phrases.
correlate,Either of a pair of things related by a correlation; a correlative.; To compare things and bring them into a relation having corresponding characteristics; To be related by a correlation
aid,Help; assistance; succor, relief.; A helper; an assistant.; Something which helps; a material source of help.
publication,The act of publishing printed or other matter.; An issue of printed or other matter, offered for sale or distribution.; The communication of information to the general public etc.
highlight,An area or a spot in a drawing, painting, or photograph that is strongly illuminated.; An especially significant or interesting detail or event or period of time.; A strand or spot of hair dyed a different color than the rest.
significant,That which has significance; a sign; a token; a symbol.; Signifying something; carrying meaning.; Having a covert or hidden meaning.
loss,The result of no longer possessing an object, a function, or a characteristic due to external causes or misplacement.; The destruction or ruin of an object.; Something that has been destroyed or ruined.
grateful,Appreciative; thankful.; Pleasing, welcome.
dynamics,The branch of mechanics that is concerned with the effects of forces on the motion of objects.; The volume of the sound, such as piano, mezzo piano, mezzo forte, and forte.
cultural,Pertaining to culture.
peculiar,That which is peculiar; a sole or exclusive property; a prerogative; a characteristic.; (canon law) an ecclesiastical district, parish, chapel or church outside the jurisdiction of the bishop of the diocese in which it is situated.; Out of the ordinary; odd; strange; unusual.
intimidate,To make timid or afraid; to cause to feel fear or nervousness; to deter, especially by threats of violence
tradition,A part of culture that is passed from person to person or generation to generation, possibly differing in detail from family to family, such as the way to celebrate holidays.; A commonly held system.; The act of delivering into the hands of another; delivery.
proactive,Acting in advance to deal with an expected change or difficulty
biotechnology,The use of living organisms (especially microorganisms) in industrial, agricultural, medical and other technological applications.; The application of the principles and practices of engineering and technology to the life sciences.
technique,The practical aspects of a given art, occupation etc.; formal requirements.; Practical ability in some given field or practice, often as opposed to creativity or imaginative skill.; A method of achieving something or carrying something out, especially one requiring some skill or knowledge.
initially,At the beginning.
relate,To tell in a descriptive way.; To bring into a relation, association, or connection (between one thing and another).; To have a connection.
strike,A status resulting from a batter swinging and missing a pitch, or not swinging at a pitch when the ball goes in the strike zone, or hitting a foul ball that is not caught.; The act of knocking down all ten pins in on the first roll of a frame.; A work stoppage (or otherwise concerted stoppage of an activity) as a form of protest.
guideline,A non-specific rule or principle that provides direction to action or behaviour.; A plan or explanation to guide one in setting standards or determining a course of action.; A light line, used in lettering, to help align the text.
gas,Matter in a state intermediate between liquid and plasma that can be contained only if it is fully surrounded by a solid (or in a bubble of liquid) (or held together by gravitational pull); it can condense into a liquid, or can (rarely) become a solid directly.; A chemical element or compound in such a state.; A flammable gaseous hydrocarbon or hydrocarbon mixture (typically predominantly methane) used as a fuel, e.g. for cooking, heating, electricity generation or as a fuel in internal combustion engines in vehicles.
apartment,A complete domicile occupying only part of a building, especially one for rent; a flat.; A suite of rooms within a domicile, designated for a specific person or persons and including a bedroom.; A division of an enclosure that is separate from others; a compartment
worldwide,Spanning the world; global.; Throughout the world.
buyer,A person who makes one or more purchases.; (retailing) A person who purchases items for resale in a retail establishment.; A person who purchases items consumed or used as components in the manufacture of products.
recession,The act or an instance of receding or withdrawing.; A period of reduced economic activity; The ceremonial filing out of clergy and/or choir at the end of a church service.
enterprise,A company, business, organization, or other purposeful endeavor.; An undertaking, venture, or project, especially a daring and courageous one.; A willingness to undertake new or risky projects; energy and initiative.
motivate,To provide someone with an incentive to do something; to encourage.; To animate; to propel; to cause to take action
infrastructure,(systems theory) An underlying base or foundation especially for an organization or system.; The basic facilities, services and installations needed for the functioning of a community or society.
distant,Far off (physically, logically or mentally).; Emotionally unresponsive or unwilling to express genuine feelings.
unemployment,The state of having no job; joblessness.; The phenomenon of joblessness in an economy.; The level of joblessness in an economy, often measured as a percentage of the workforce.
handout,A worksheet, leaflet, or pamphlet that is given out (usually by hand) for a certain use.; A gift to the poor or needy.; A gift, something obtained without effort.
fierce,Exceedingly violent, severe, ferocious, cruel or savage.; Resolute or strenuously active.; Threatening in appearance or demeanor.
comprise,To be made up of; to consist of (especially a comprehensive list of parts).; To contain or embrace.; (sometimes proscribed, usually in the passive) To compose, to constitute. See usage note below.
impossible,An impossibility; Not possible; not able to be done or happen.; (of a person) Very difficult to deal with.
minutes,A unit of time equal to sixty seconds (one-sixtieth of an hour).; A short but unspecified time period.; A unit of angle equal to one-sixtieth of a degree.
cure,A method, device or medication that restores good health.; Act of healing or state of being healed; restoration to health after a disease, or to soundness after injury.; A solution to a problem.
broad,A shallow lake, one of a number of bodies of water in eastern Norfolk and Suffolk.; A lathe tool for turning down the insides and bottoms of cylinders.; A British gold coin worth 20 shillings, issued by the Commonwealth of England in 1656.
discourage,Lack of courage; To extinguish the courage of; to dishearten; to depress the spirits of; to deprive of confidence; to deject.; To persuade somebody not to do (something).
bookshop,A shop that sells books.
confidence,Self-assurance.; A feeling of certainty; firm trust or belief; faith.; Information held in secret.
series,A number of things that follow on one after the other or are connected one after the other.; A television or radio program which consists of several episodes that are broadcast in regular intervals; The sequence of partial sums \sum_{i=1}^n{a_i} of a given sequence ai.
budget,The amount of money or resources earmarked for a particular institution, activity or time-frame.; An itemized summary of intended expenditure; usually coupled with expected revenue.; A wallet, purse or bag.
principle,A fundamental assumption or guiding belief.; A rule used to choose among solutions to a problem.; (sometimes pluralized) Moral rule or aspect.
type,A grouping based on shared characteristics; a class.; An individual considered typical of its class, one regarded as typifying a certain profession, environment, etc.; An individual that represents the ideal for its class; an embodiment.
cite,To quote; to repeat, as a passage from a book, or the words of another.; To list the source(s) from which one took information, words or literary or verbal context.; To summon officially or authoritatively to appear in court.
planner,One who plans.; A notebook or software in which one keeps reminders of items such as appointments, tasks, projects, and contacts.
harbour,Any place of shelter.; A sheltered expanse of water, adjacent to land, in which ships may anchor or dock, especially for loading and unloading.; (glassworking) A mixing box for materials.
interim,A transitional or temporary period between other events.; Transitional.; Temporary.
audit,A judicial examination.; An examination in general.; An independent review and examination of records and activities to assess the adequacy of system controls, to ensure compliance with established policies and operational procedures, and to recommend necessary changes in controls, policies, or procedures
implementation,The process of moving an idea from concept to reality. In business, engineering and other fields, implementation refers to the building process rather than the design process.; A result of implementing something; a finished product, system or device.
untapped,Not tapped; not drawn on in terms of resources.
foliage,The leaves of plants.; (short for) Fall foliage.; An architectural ornament representing foliage.
momentum,Of a body in motion: the tendency of a body to maintain its inertial motion; the product of its mass and velocity.; The impetus, either of a body in motion, or of an idea or course of events; a moment.
normal,A line or vector that is perpendicular to another line, surface, or plane.; A person who is normal, who fits into mainstream society, as opposed to those who live alternative lifestyles.; The usual state.
safely,In a safe manner; without risk; using caution above all else.; In a secure manner; without the possibility of injury or harm resulting.
catalogue,A systematic list of names, books, pictures etc.; A complete (usually alphabetical) list of items.; A list of all the publications in a library.
poverty,The quality or state of being poor; lack of money; Any deficiency of elements or resources that are needed or desired, or that constitute richness
tropical,A tropical plant.; Of or pertaining to the tropics, the equatorial region between 23 degrees north and 23 degrees south.; From or similar to a hot humid climate
threaten,To make a threat against someone; to use threats.; To menace, or be dangerous.; To portend, or give a warning of.
latest,Near the end of a period of time.; Specifically, near the end of the day.; (usually not comparable) Associated with the end of a period.
carbon,The chemical element (symbol C) with an atomic number of 6. It can be found in pure form for example as graphite, a black, shiny and very soft material, or diamond, a colourless, transparent, crystalline solid and the hardest known material.; An atom of this element, in reference to a molecule containing it.; A sheet of carbon paper.
sanitation,The hygienic disposal or recycling of waste.; The policy and practice of protecting health through hygienic measures.
previously,(with present-tense constructions) First; beforehand, in advance.; (with past-tense constructions) At an earlier time.
demure,To look demurely.; (usually of women) Quiet, modest, reserved, sober, or serious.; Affectedly modest, decorous, or serious; making a show of gravity.
tend,(Old English law) To make a tender of; to offer or tender.; (followed by a to-infinitive) To be likely, or probable to do something, or to have a certain habit or leaning.; To contribute to or toward some outcome.
construct,Something constructed from parts.; A concept or model.; (genetics) A segment of nucleic acid, created artificially, for transplantation into a target cell or tissue.
quantum,The total amount of something; quantity.; The amount or quantity observably present, or available.; The smallest possible, and therefore indivisible, unit of a given quantity or quantifiable phenomenon.
feedback,Critical assessment of a process or activity or of their results.; (control theory) The part of an output signal that is looped back into the input to control or modify a system.; The high-pitched howling noise heard when there is a loop between a microphone and a speaker.
chart,A map.; A systematic non-narrative presentation of data.; A written deed; a charter.
dedication,The act of dedicating or the state of being dedicated.; A note addressed to a patron or friend, prefixed to a work of art as a token of respect, esteem, or affection.; A ceremony marking an official completion or opening.
element,One of the simplest or essential parts or principles of which anything consists, or upon which the constitution or fundamental powers of anything are based.; A small part of the whole.; The sky.
figure,A drawing or diagram conveying information.; The representation of any form, as by drawing, painting, modelling, carving, embroidering, etc.; especially, a representation of the human body.; A person or thing representing a certain consciousness.
underestimate,An estimate that is too low.; To perceive (someone or something) as having a lower value, quantity, worth, etc., than what he/she/it actually has.
metabolic,A nutritional supplement; Of or pertaining to metamorphosis; pertaining to, or involving, change.; Of or pertaining to metabolism
unsustainable,Not sustainable
commissioner,A member of a commission.; Someone commissioned to perform certain duties.; An official in charge of a government department, especially a police force.
port,A place on the coast at which ships can shelter, or dock to load and unload cargo or passengers.; A town or city containing such a place, a port city.; The left-hand side of a vessel, including aircraft, when one is facing the front. Used to unambiguously refer to directions relative to the vessel structure, rather than to a person or object on board.
company,A team; a group of people who work together professionally.; A small group of birds or animals.; An entity having legal personality, and thus able to own property and to sue and be sued in its own name; a corporation.
fundamental,(usually in the plural) A leading or primary principle, rule, law, or article, which serves as the groundwork of a system; an essential part; The lowest frequency of a periodic waveform.; The lowest partial of a complex tone.
compulsory,Something that is compulsory or required.; Required; obligatory; mandatory.; Having the power of compulsion; constraining.
discipline,A controlled behaviour; self-control.; A specific branch of knowledge or learning.; To train someone by instruction and practice.
unable,Not able; lacking a certain ability.; To render unable; disable
faculty,The academic staff at schools, colleges, universities or not-for-profit research institutes, as opposed to the students or support staff.; A division of a university.; An ability, skill, or power, often plural.
founder,One who founds or establishes (especially said of a company, project, organisation, state); Someone for whose parents one has no data.; The iron worker in charge of the blast furnace and the smelting operation.
represent,To present again or anew; to present by means of something standing in the place of; to exhibit the counterpart or image of; to typify.; To portray visually; to delineate; To portray by mimicry or acting; to act the part or character of
climate,An area of the earth's surface between two parallels of latitude.; A region of the Earth.; The long-term manifestations of weather and other atmospheric conditions in a given area or country, now usually represented by the statistical summary of its weather conditions during a period long enough to ensure that representative values are obtained (generally 30 years).
personnel,Employees; office staff.
journalist,The keeper of a personal journal, who writes in it regularly.; One whose occupation is journalism, originally only writing in the printed press.; A reporter, who professionally does living reporting on news and current events.
strain,Treasure.; The blood-vessel in the yolk of an egg.; Race; lineage, pedigree.
overlook,A vista or point that gives a beautiful view.; To offer a view (of something) from a higher position.; To fail to notice; to look over and beyond (anything) without seeing it.
workforce,All the workers employed by a specific organization or state, or on a specific project; The total population of a country or region that is employed or employable.
display,A show or spectacle.; A piece of work to be presented visually.; An electronic screen that shows graphics or text.
archeologist,Someone who studies or practises archaeology.
travel,The act of traveling; passage from place to place.; (in the plural) A series of journeys.; (in the plural) An account of one's travels.
